raw_time,text_content
2022-02-12T08:53:07.000Z,MMDA ALERT: Vehicular accident at Commonwealth Tandang Sora EB involving taxi and motorcycle as of 4:47 PM. 1 lane occupied. MMDA on site. #mmda
2022-02-12T08:24:29.000Z,MMDA ALERT: Vehicular accident involving car and AUV at Edsa Ayala tunnel SB as of 4:13 PM. 1 lane occupied. MMDA on site. #mmda
2022-02-12T04:30:44.000Z,MMDA ALERT: Vehicular accident at EDSA Monte de Piedad SB involving motorcycle and taxi as of 12:27 PM. 1 lane occupied. MMDA on site. #mmda
2022-02-12T04:09:31.000Z,MMDA ALERT: Vehicular accident at Aurora Katipunan WB involving motorcycle and van as of 12:06 PM. 1 lane occupied. MMDA on site. #mmda
2022-02-12T02:00:45.000Z,MMDA ALERT: Vehicular accident at EDSA Trinoma NB involving closed van as of 9:45 AM. 1 occupied. MMDA on site. #mmda
2022-02-12T01:16:37.000Z,MMDA ALERT: Vehicular accident at EDSA Heritage SB involving car and motorcycle as of 9:13 AM. 1 occupied. MMDA on site. #mmda
2022-02-11T23:03:28.000Z,MMDA ALERT: Vehicular accident at Ortigas infront of Medical City involving closed van and bicycle as of 6:58 AM. 1 occupied. MMDA on site. #mmda
2022-02-11T21:09:44.000Z,MMDA ALERT: Vehicular accident at EDSA Balintawak SB involving Car (Bumangga sa Barrier) as of 4:43 AM. 1 lane occupied. Assisted by MMDA. #mmda
2022-02-11T23:03:28.000Z,MMDA ALERT: Vehicular accident at Ortigas infront of Medical City involving closed van and bicycle as of 6:58 AM. 1 occupied. MMDA on site. #mmda
2022-02-11T21:09:44.000Z,MMDA ALERT: Vehicular accident at EDSA Balintawak SB involving Car (Bumangga sa Barrier) as of 4:43 AM. 1 lane occupied. Assisted by MMDA. #mmda
2022-02-11T16:13:44.000Z,MMDA ALERT: Vehicular accident at EDSA Trinoma NB involving 2 Car's as of 12:06 AM. 1 lane occupied. Assisted by MMDA. #mmda
2022-02-11T08:53:04.000Z,MMDA ALERT: Vehicular accident at Commonwealth Manggahan EB involving truck and SUV as of 4:13 PM. 1 lane occupied. MMDA on site. #mmda
2022-02-11T07:32:18.000Z,MMDA ALERT: Vehicular accident at Ortigas Avenue WB involving bus and taxi as of 3:11 PM. 1 lane occupied. MMDA on site. #mmda
2022-02-11T03:28:37.000Z,MMDA ALERT: Vehicular accident at Roxas Blvd. Quirino SB involving pick up and car as of 11:13 AM. 1 occupied. MMDA on site. #mmda
2022-02-11T01:30:59.000Z,MMDA ALERT: Vehicular accident at Congressional Mindanao SB involving van and Ejeep as of 9:19 AM. 1 occupied. MMDA on site. #mmda
2022-02-10T22:25:47.000Z,MMDA ALERT: Vehicular accident at EDSA Boni SB involving 2 Motorcycle as of 6:04 AM. 1 occupied. MMDA on site. #mmda
2022-02-10T17:40:36.000Z,MMDA ALERT: Vehicular accident at C.P. Garcia SB involving Truck and Van as of 1:36 AM. 1 lane occupied. Assisted by MMDA. #mmda
2022-02-10T15:27:43.000Z,MMDA ALERT: Vehicular accident at Commonwealth Sandigan EB involving Tricycle and Motorcycle as of 11:18PM. 1 lane occupied. Assisted by MMDA. #mmda
2022-02-10T11:08:20.000Z,MMDA ALERT: Vehicular accident at Luzon flyover NB involving car and motorcycle as of 7:01 PM. 1 lane occupied. MMDA on site. #mmda
2022-02-10T09:22:46.000Z,MMDA ALERT: Vehicular accident at Mindanao Ave. after Road 20 fronting BJMP SB involving truck and motorcycle as of 5:07 PM. 1 lane occupied. MMDA on site. #mmda
2022-02-10T08:39:41.000Z,MMDA ALERT: Vehicular accident at EDSA Buendia split SB involving car and SUV as of 4:34 PM. 2 lanes occupied. MMDA on site. #mmda
2022-02-10T07:17:50.000Z,MMDA ALERT: Vehicular accident at Roxas Blvd Burgos EB involving pick-up and truck as of 2:52 PM. 1 lane occupied. MMDA assisted. #mmda
2022-02-10T03:50:40.000Z,MMDA ALERT: Vehicular accident at Quezon Ave Banawe WB involving car and pick-up as of 11:43 AM. 1 occupied. MMDA on site. #mmda
2022-02-10T03:50:37.000Z,MMDA ALERT: Vehicular accident at North Ave Mindanao Ave NB involving van and pick-up as of 11:26 AM. 1 occupied. MMDA on site. #mmda
2022-02-10T00:59:11.000Z,MMDA ALERT: Vehicular accident at Quezon Ave service raod MCDO SB involving bicycle and taxi as of 8:34 AM. 1 occupied. MMDA on site. #mmda
2022-02-10T00:46:41.000Z,MMDA ALERT: Vehicular accident at Marcos highway before Alley road involving PUJ and car as of 8:18 AM. 1 occupied. MMDA on site. #mmda
2022-02-09T22:58:03.000Z,MMDA ALERT: Vehicular accident at C5 Lanuza NB involving Motorcycle and Elf truck as of 6:49 AM. 1 occupied. MMDA on site. #mmda
2022-02-09T22:01:05.000Z,MMDA ALERT: Vehicular accident at EDSA Ortigas SB before Flyover involving car and Motorcycle as of 5:41AM. 1 lane occupied. Assisted by MMDA. #mmda
2022-02-09T18:11:35.000Z,MMDA ALERT: Vehicular accident at Before C.P Garcia Intersection NB involving Dump Truck and Motorcycle as of 2:06AM. 1 lane occupied. Assisted by MMDA. #mmda
2022-02-09T14:40:50.000Z,MMDA ALERT: Vehicular accident at C5 Libis SB involving 2- Van as of 10:11PM. 1 lane occupied. Assisted by MMDA. #mmda
2022-02-09T12:32:07.000Z,MMDA ALERT: Vehicular accident at Commonwealth Manggahan EB involving motorcycle and pedestrian as of 8:00 PM. 1 lane occupied. MMDA on site. #mmda
2022-02-09T10:46:20.000Z,MMDA ALERT: Vehicular accident at EDSA Aurora Tunnel SB involving car and MC as of 6:28 PM. 1 lane occupied. MMDA on site. #mmda
2022-02-09T07:10:47.000Z,MMDA ALERT: Vehicular accident at C5 Lanuza SB involving van and AUV as of 2:52 PM. 1 lane occupied. MMDA on site. #mmda
2022-02-09T07:09:44.000Z,MMDA ALERT: Vehicular accident at C5 Katipunan NB involving van and truck as of 2:48 PM. 1 lane occupied. MMDA on site. #mmda
2022-02-09T02:34:41.000Z,MMDA ALERT: Vehicular accident at C5 SM Pasig SB involving motorcycle and AUV as of 10:24 AM. 1 occupied. MMDA on site. #mmda
2022-02-09T01:53:02.000Z,MMDA ALERT: Vehicular accident at Aurora Blvd Araneta EB involving 2 cars as of 9:49 AM. 1 occupied. MMDA on site. #mmda
2022-02-09T01:19:14.000Z,MMDA ALERT: Vehicular accident at Ortigas Wilson WB involving 2 motorcycles as of 9:14 AM. 1 occupied. MMDA on site. #mmda
2022-02-09T01:04:13.000Z,MMDA ALERT: Vehicular accident at Elliptical Visayas involving PUJ and bus as of 8:59 AM. 1 occupied. MMDA on site. #mmda
2022-02-09T14:40:50.000Z,MMDA ALERT: Vehicular accident at C5 Libis SB involving 2- Van as of 10:11PM. 1 lane occupied. Assisted by MMDA. #mmda
2022-02-09T12:32:07.000Z,MMDA ALERT: Vehicular accident at Commonwealth Manggahan EB involving motorcycle and pedestrian as of 8:00 PM. 1 lane occupied. MMDA on site. #mmda
2022-02-09T10:46:20.000Z,MMDA ALERT: Vehicular accident at EDSA Aurora Tunnel SB involving car and MC as of 6:28 PM. 1 lane occupied. MMDA on site. #mmda
2022-02-09T07:10:47.000Z,MMDA ALERT: Vehicular accident at C5 Lanuza SB involving van and AUV as of 2:52 PM. 1 lane occupied. MMDA on site. #mmda
2022-02-09T07:09:44.000Z,MMDA ALERT: Vehicular accident at C5 Katipunan NB involving van and truck as of 2:48 PM. 1 lane occupied. MMDA on site. #mmda
2022-02-09T02:34:41.000Z,MMDA ALERT: Vehicular accident at C5 SM Pasig SB involving motorcycle and AUV as of 10:24 AM. 1 occupied. MMDA on site. #mmda
2022-02-09T01:53:02.000Z,MMDA ALERT: Vehicular accident at Aurora Blvd Araneta EB involving 2 cars as of 9:49 AM. 1 occupied. MMDA on site. #mmda
2022-02-09T01:19:14.000Z,MMDA ALERT: Vehicular accident at Ortigas Wilson WB involving 2 motorcycles as of 9:14 AM. 1 occupied. MMDA on site. #mmda
2022-02-09T01:04:13.000Z,MMDA ALERT: Vehicular accident at Elliptical Visayas involving PUJ and bus as of 8:59 AM. 1 occupied. MMDA on site. #mmda
2022-02-09T00:39:15.000Z,MMDA ALERT: Vehicular accident at Roxas Katigbak NB involving 2 SUV as of 8:33 AM. 1 occupied. MMDA on site. #mmda
2022-02-09T00:26:53.000Z,MMDA ALERT: Vehicular accident at Ortigas before F/O SB involving 2 motorcycles as of 8:21 AM. 1 occupied. MMDA on site. #mmda
2022-02-09T00:11:56.000Z,MMDA ALERT: Vehicular accident at Mabini bridge SB involving AUV and motorcycle as of 7:48 AM. 1 occupied. MMDA on site. #mmda
2022-02-08T22:58:47.000Z,MMDA ALERT: Vehicular accident at Commonwealth Shop wise involving SUV as of 6:06 AM. 1 occupied. MMDA on site. #mmda
2022-02-08T21:26:42.000Z,MMDA ALERT: Vehicular accident at EDSA Connecticut SB involving Car and Motorcycle as of 5:06 AM. 1 lane occupied. Assisted by MMDA. #mmda
2022-02-08T10:49:16.000Z,MMDA ALERT: Vehicular accident at EDSA Magallanes MRT SB involving SUV and MC as of 6:43 PM. 1 lane occupied. MMDA on site. #mmda
2022-02-08T10:49:15.000Z,MMDA ALERT: Vehicular accident at C5 Lanuza SB involving motorcycle and push cart as of 6:12 PM. 1 lane occupied. MMDA on site. #mmda
2022-02-08T09:58:53.000Z,MMDA ALERT: Vehicular accident at C5 Aurora Katipunan EB involving closed van and PUJ as of 5:50 PM. 1 lane occupied. MMDA on site. #mmda
2022-02-08T09:33:43.000Z,MMDA ALERT: Vehicular accident at Commonwealth Ever Gotesco EB involving SUV and AUV as of 5:25 PM. 2 lanes occupied. MMDA on site. #mmda
2022-02-08T07:20:23.000Z,MMDA ALERT: Vehicular accident at Luzon F/O NB involving 2 Vans as of 3:09 PM. 1 lane occupied. MMDA on site. #mmda
2022-02-08T07:07:59.000Z,MMDA ALERT: Vehicular accident at EDSA Taft SB involving 2 SUVs as of 2:44 PM. 2 lanes occupied. MMDA on site.#mmda
2022-02-08T04:21:25.000Z,MMDA ALERT: Vehicular accident at Legarda Flyover WB involving UV and Taxi as of 12:12 PM. 1 occupied. MMDA on site. #mmda
2022-02-08T04:05:13.000Z,MMDA ALERT: Vehicular accident at C5 Eastwood SB involving 2 motorcycles as of 11:59 AM. 1 occupied. MMDA on site. #mmda
2022-02-08T04:02:58.000Z,MMDA ALERT: Vehicular accident at C5 B.Serrano NB involving pick-up and dump truck as of 11:52 AM. 1 occupied. MMDA on site. #mmda
2022-02-08T03:24:47.000Z,MMDA ALERT: Vehicular accident at Aurora Katipunan WB involving car and bus as of 11:10 AM. 1 occupied. MMDA on site. #mmda
2022-02-08T02:35:43.000Z,MMDA ALERT: Vehicular accident at Ortigas Meralco WB involving car and motorcycle as of 10:28 AM. 1 occupied. MMDA on site. #mmda
2022-02-08T02:00:18.000Z,"MMDA ALERT: Vehicular accident at A,Bonifacio Banal SB involving car and closed van as of 9:53 AM. 1 occupied. MMDA on site. #mmda"
2022-02-08T01:41:40.000Z,MMDA ALERT: Vehicular accident at Quezon Ave Agham tunnel WB involving motorcycle and van as of 9:12 AM. 1 occupied. MMDA on site. #mmda
2022-02-08T01:41:22.000Z,MMDA ALERT: Vehicular accident at C5 Lanuza SB involving wing van and car as of 9:31 AM. 1 occupied. MMDA on site. #mmda
2022-02-08T04:05:13.000Z,MMDA ALERT: Vehicular accident at C5 Eastwood SB involving 2 motorcycles as of 11:59 AM. 1 occupied. MMDA on site. #mmda
2022-02-08T04:02:58.000Z,MMDA ALERT: Vehicular accident at C5 B.Serrano NB involving pick-up and dump truck as of 11:52 AM. 1 occupied. MMDA on site. #mmda
2022-02-08T03:24:47.000Z,MMDA ALERT: Vehicular accident at Aurora Katipunan WB involving car and bus as of 11:10 AM. 1 occupied. MMDA on site. #mmda
2022-02-08T02:35:43.000Z,MMDA ALERT: Vehicular accident at Ortigas Meralco WB involving car and motorcycle as of 10:28 AM. 1 occupied. MMDA on site. #mmda
2022-02-08T02:00:18.000Z,"MMDA ALERT: Vehicular accident at A,Bonifacio Banal SB involving car and closed van as of 9:53 AM. 1 occupied. MMDA on site. #mmda"
2022-02-08T01:41:40.000Z,MMDA ALERT: Vehicular accident at Quezon Ave Agham tunnel WB involving motorcycle and van as of 9:12 AM. 1 occupied. MMDA on site. #mmda
2022-02-08T01:41:22.000Z,MMDA ALERT: Vehicular accident at C5 Lanuza SB involving wing van and car as of 9:31 AM. 1 occupied. MMDA on site. #mmda
2022-02-08T00:23:57.000Z,MMDA ALERT: Vehicular accident at C5 Libis SB involving truck and car as of 8:18 AM. 1 occupied. MMDA on site. #mmda
2022-02-08T00:16:08.000Z,MMDA ALERT: Vehicular accident at Aurora Katipunan F/O SB involving motorcycle as of 8:09 AM. 1 occupied. MMDA on site. #mmda
2022-02-07T23:59:31.000Z,MMDA ALERT: Vehicular accident at EDSA Ortigas F/O SB involving motorcycle and car as of 7:34 AM. 1 occupied. MMDA on site. #mmda
2022-02-07T23:42:10.000Z,MMDA ALERT: Vehicular accident at Roxas blvd UN Ave NB involving truck and car as of 7:24 AM. 1 occupied. MMDA on site. #mmda
2022-02-07T13:57:28.000Z,MMDA ALERT: Vehicular accident  at Roxas Blvd. T. Claudio NB involving truck as of 9:50 PM. 1 lane occupied. MMDA assisted. #mmda
2022-02-07T11:39:04.000Z,MMDA ALERT: Vehicular accident at C5 Blueridge intersection NB involving car and pick-up as of 6:47 PM. 1 lane occupied. MMDA on site. #mmda
2022-02-07T10:35:48.000Z,MMDA ALERT: Vehicular accident at C5 J. Vargas EB involving SUV as of 6:29 PM. 1 lane occupied. MMDA on site. #mmda
2022-02-07T10:15:12.000Z,MMDA ALERT: Vehicular accident at Roxas Blvd Quirino NB involving bicycle and car as of 6:00 PM. 1 lane occupied. MMDA assisted. #mmda
2022-02-07T08:05:42.000Z,MMDA ALERT: Vehicular accident at Quezon Avenue Delta intersection WB involving MC as of 3:49 PM. 1 lane occupied. MMDA on site. #mmda
2022-02-07T07:34:55.000Z,MMDA ALERT: Vehicular accident at C5 Katipunan Ave. C.P. Garcia NB involving van and car as of 3:03 PM. 1 lane occupied. MMDA on site. #mmda
2022-02-07T05:34:40.000Z,MMDA ALERT: Vehicular accident at C5 Eastwood NB involving 2 cars as of 1:31 PM. 1 occupied. MMDA on site. #mmda
2022-02-07T04:25:58.000Z,MMDA ALERT: Vehicular accident at Marcos Highway Barangka WB involving PUJ and Coaster as of 12:19 PM. 1 occupied. MMDA on site. #mmda
2022-02-07T04:20:33.000Z,MMDA ALERT: Vehicular accident at C5 Mckinley NB involving Taxi and Motorcycle as of 12:12 PM. 1 occupied. MMDA on site. #mmda
2022-02-07T02:03:07.000Z,MMDA ALERT: Vehicular accident at Commonwealth Market WB involving taxi and bus as of 10:00 AM. 1 occupied. MMDA on site. #mmda
2022-02-07T01:24:11.000Z,MMDA ALERT: Vehicular accident at Aurora Araneta SB involving SUV and Van as of 9:19 AM. 1 occupied. MMDA on site. #mmda
2022-02-07T01:16:34.000Z,MMDA ALERT: Vehicular accident at Aurora Katipunan WB involving Taxi and L300 van as of 9:02 AM. 1 occupied. MMDA on site. #mmda
2022-02-07T00:15:42.000Z,MMDA ALERT: Vehicular accident at EDSA Ortigas MRT SB involving Car and Motorcycle as of 7:38 AM. 1 occupied. MMDA on site. #mmda
2022-02-07T00:15:35.000Z,MMDA ALERT: Vehicular accident at Katipunan CP. Garcia NB involving 3 Motorcycles as of 7:38 AM. 1 occupied. MMDA on site. #mmda
2022-02-06T23:13:17.000Z,MMDA ALERT: Vehicular accident at C5 Bagong Ilog F/O SB involving 2 motorcycles as of 7:01 AM. 1 occupied. MMDA on site. #mmda
2022-02-06T10:07:19.000Z,MMDA ALERT: Vehicular accident at Commonwealth Tandang Sora WB involving MC and car as of 5:59 PM. 1 lane occupied. MMDA on site. #mmda
2022-02-06T09:41:34.000Z,MMDA ALERT: Vehicular accident at Ortigas Madison WB involving car and MC as of 5:18 PM. 1 lane occupied. MMDA on site. #mmda
2022-02-07T05:34:40.000Z,MMDA ALERT: Vehicular accident at C5 Eastwood NB involving 2 cars as of 1:31 PM. 1 occupied. MMDA on site. #mmda
2022-02-07T04:25:58.000Z,MMDA ALERT: Vehicular accident at Marcos Highway Barangka WB involving PUJ and Coaster as of 12:19 PM. 1 occupied. MMDA on site. #mmda
2022-02-07T04:20:33.000Z,MMDA ALERT: Vehicular accident at C5 Mckinley NB involving Taxi and Motorcycle as of 12:12 PM. 1 occupied. MMDA on site. #mmda
2022-02-07T02:03:07.000Z,MMDA ALERT: Vehicular accident at Commonwealth Market WB involving taxi and bus as of 10:00 AM. 1 occupied. MMDA on site. #mmda
2022-02-07T01:24:11.000Z,MMDA ALERT: Vehicular accident at Aurora Araneta SB involving SUV and Van as of 9:19 AM. 1 occupied. MMDA on site. #mmda
2022-02-07T01:16:34.000Z,MMDA ALERT: Vehicular accident at Aurora Katipunan WB involving Taxi and L300 van as of 9:02 AM. 1 occupied. MMDA on site. #mmda
2022-02-07T00:15:42.000Z,MMDA ALERT: Vehicular accident at EDSA Ortigas MRT SB involving Car and Motorcycle as of 7:38 AM. 1 occupied. MMDA on site. #mmda
2022-02-07T00:15:35.000Z,MMDA ALERT: Vehicular accident at Katipunan CP. Garcia NB involving 3 Motorcycles as of 7:38 AM. 1 occupied. MMDA on site. #mmda
2022-02-06T23:13:17.000Z,MMDA ALERT: Vehicular accident at C5 Bagong Ilog F/O SB involving 2 motorcycles as of 7:01 AM. 1 occupied. MMDA on site. #mmda
2022-02-06T10:07:19.000Z,MMDA ALERT: Vehicular accident at Commonwealth Tandang Sora WB involving MC and car as of 5:59 PM. 1 lane occupied. MMDA on site. #mmda
2022-02-06T09:41:34.000Z,MMDA ALERT: Vehicular accident at Ortigas Madison WB involving car and MC as of 5:18 PM. 1 lane occupied. MMDA on site. #mmda
2022-02-06T07:29:32.000Z,MMDA ALERT: Vehicular accident at C5 Julia Vargas NB involving car and MC as of 3:18 PM. 1 lane occupied. MMDA on site. #mmda
2022-02-06T07:06:58.000Z,MMDA ALERT: Vehicular accident at Katipunan Ayala Heights SB involving wing van and MC as of 2:56 PM. 1 lane occupied. MMDA on site. #mmda
2022-02-06T05:39:13.000Z,MMDA ALERT: Vehicular accident at EDSA Aurora EB involving Van and PUJ as of 1:22 PM. 1 occupied. MMDA on site. #mmda
2022-02-06T04:01:05.000Z,MMDA ALERT: Vehicular accident at Ortigas Madison WB involving Motorcycle and Car as of 11:49 AM. 1 occupied. MMDA on site. #mmda
2022-02-06T03:16:35.000Z,MMDA ALERT: Vehicular accident at Roxas P. Burgos WB involving car and taxi as of 11:07 AM. 1 occupied. MMDA on site. #mmda
2022-02-06T03:02:22.000Z,MMDA ALERT: Vehicular accident at EDSA Buendia NB involving Motorcycle as of 10:56 AM. 1 occupied. MMDA on site. #mmda
2022-02-06T01:31:29.000Z,MMDA ALERT: Vehicular accident at Katipunan Ayala Heights NB involving 2 Motorcycle as of 9:16 AM. 1 occupied. MMDA on site. #mmda
2022-02-06T00:14:04.000Z,MMDA ALERT: Vehicular accident at Mabini Bridge SB involving Motorcycle and Bicycle as of 8:00 AM. 1 occupied. MMDA on site. #mmda
2022-02-05T06:46:16.000Z,MMDA ALERT: Vehicular accident at C5 Katipunan after Tuazon NB involving motorcycle and ELF as of 2:39 PM 1 lane occupied. MMDA on site. #mmda
2022-02-05T02:39:15.000Z,MMDA ALERT: Vehicular accident at Commonwealth Winston EB involving car and pedestrian as of 10:33 AM. 1 lane occupied. MMDA on site. #mmda
2022-02-05T01:05:17.000Z,MMDA ALERT: Vehicular accident at Timog Sct Tuazon WB involving motorcycle and pick-up as of 9:00 AM. 1 lane occupied. MMDA on site. #mmda
2022-02-04T23:37:59.000Z,MMDA ALERT: Vehicular accident at Ortigas Connecticut WB involving motorcycle and SUV as of 7:34 AM. 1 lane occupied. MMDA on site. #mmda
2022-02-04T23:16:20.000Z,MMDA ALERT: Vehicular accident at E. Rodriguez Banawe EB involving motorcycle and SUV as of 7:10 AM. 1 lane occupied. MMDA on site. #mmda
2022-02-04T22:57:05.000Z,MMDA ALERT: Vehicular accident at Commonwealth Sandigan WB involving motorcycle and bike as of 6:45 AM. 1 lane occupied. MMDA on site. #mmda
2022-02-04T14:38:44.000Z,MMDA ALERT: Vehicular accident at UP Town NB involving Car and Motorcycle as of 10:29 PM. 1 lane occupied. Assisted by MMDA. #mmda
2022-02-04T10:44:25.000Z,MMDA ALERT: Vehicular accident at Quirino Guanzon NB involving car and SUV as of 6:37 PM 1 lane occupied. MMDA on site. #mmda
2022-02-04T10:39:07.000Z,MMDA ALERT: Vehicular accident at Commonwealth Tandang Sora EB involving 3 SUV and car as of 6:21 PM 2 lanes occupied. MMDA on site. #mmda
2022-02-04T10:30:30.000Z,MMDA ALERT: Vehicular accident at C5 Palar NB involving 2 motorcycle as of 6:22 PM 1 lane occupied MMDA on site. #mmda
2022-02-05T01:05:17.000Z,MMDA ALERT: Vehicular accident at Timog Sct Tuazon WB involving motorcycle and pick-up as of 9:00 AM. 1 lane occupied. MMDA on site. #mmda
2022-02-04T23:37:59.000Z,MMDA ALERT: Vehicular accident at Ortigas Connecticut WB involving motorcycle and SUV as of 7:34 AM. 1 lane occupied. MMDA on site. #mmda
2022-02-04T23:16:20.000Z,MMDA ALERT: Vehicular accident at E. Rodriguez Banawe EB involving motorcycle and SUV as of 7:10 AM. 1 lane occupied. MMDA on site. #mmda
2022-02-04T22:57:05.000Z,MMDA ALERT: Vehicular accident at Commonwealth Sandigan WB involving motorcycle and bike as of 6:45 AM. 1 lane occupied. MMDA on site. #mmda
2022-02-04T14:38:44.000Z,MMDA ALERT: Vehicular accident at UP Town NB involving Car and Motorcycle as of 10:29 PM. 1 lane occupied. Assisted by MMDA. #mmda
2022-02-04T10:44:25.000Z,MMDA ALERT: Vehicular accident at Quirino Guanzon NB involving car and SUV as of 6:37 PM 1 lane occupied. MMDA on site. #mmda
2022-02-04T10:39:07.000Z,MMDA ALERT: Vehicular accident at Commonwealth Tandang Sora EB involving 3 SUV and car as of 6:21 PM 2 lanes occupied. MMDA on site. #mmda
2022-02-04T10:30:30.000Z,MMDA ALERT: Vehicular accident at C5 Palar NB involving 2 motorcycle as of 6:22 PM 1 lane occupied MMDA on site. #mmda
2022-02-04T07:24:40.000Z,MMDA ALERT: Vehicular accident at C5 Libis SB involving SUV and car as of 3:10 PM. 1 lane occupied. MMDA on site. #mmda
2022-02-04T04:11:00.000Z,MMDA ALERT: Vehicular accident at Quezon Ave. Sct. Reyes EB involving Van and PUJ as of 11:55 AM. 1 lane occupied. MMDA on site. #mmda
2022-02-04T01:23:23.000Z,MMDA ALERT: Vehicular accident at Roxas Katigbak NB involving car and truck as of 9:07 AM. 1 lane occupied. MMDA on site. #mmda
2022-02-04T01:07:23.000Z,MMDA ALERT: Vehicular accident at C5 SM Aura NB involving motorcycle as of 9:00 AM. 1 lane occupied. MMDA on site. #mmda
2022-02-04T00:46:04.000Z,MMDA ALERT: Vehicular accident at Commonwealth Don Antonio WB involving motorcycle and truck as of 8:37 AM. 1 lane occupied. MMDA on site. #mmda
2022-02-04T00:30:05.000Z,MMDA ALERT: Vehicular accident at EDSA Shaw tunnel NB involving motorcycle and pick-up as of 8:25 AM. 1 lane occupied. MMDA on site. #mmda
2022-02-03T23:51:55.000Z,MMDA ALERT: Vehicular accident at Quezon Ave Sct. Albano EB involving car and SUV as of 7:49 AM. 1 lane occupied. MMDA on site. #mmda
2022-02-03T23:51:12.000Z,MMDA ALERT: Vehicular accident at Mindanao Sauyo SB involving Motorcycle and pedestrian as of 7:45 AM. 1 lane occupied. MMDA on site. #mmda
2022-02-03T23:49:51.000Z,MMDA ALERT: Vehicular accident at EDSA Aurora tunnel NB involving motorcycle and car as of 7:43 AM. 1 lane occupied. MMDA on site. #mmda
2022-02-03T15:09:43.000Z,MMDA ALERT: Vehicular accident at C5 SM Aurora SB involving Truck ang van as of 11:04 PM. 1 lane occupied. Assisted by MMDA. #mmda
2022-02-03T08:13:11.000Z,MMDA ALERT: Vehicular accident at C5 C.P. Garcia SB involving truck and car as of 4:06 PM. 1 lane occupied. MMDA on site. #mmda
2022-02-03T07:41:49.000Z,MMDA ALERT: Vehicular accident at C5 Mckinley SB involving closed van and elf truck as of 3:36 PM. 1ane occupied. MMDA on site. #mmda
2022-02-03T04:09:29.000Z,MMDA ALERT: Vehicular accident at Katipunan UP Town SB involving Motorcycle and Closed van as of 12:01 PM. 1 lane occupied. MMDA on site. #mmda
2022-02-03T03:53:27.000Z,MMDA ALERT: Vehicular accident at C5 SM Aura SB involving motorcycle as of 11:42 AM. 1 lane occupied. MMDA on site. #mmda
2022-02-03T02:23:22.000Z,MMDA ALERT: Vehicular accident at Quezon Ave Araneta WB involving SUV and car as of 10:18 AM. 1 lane occupied. MMDA on site. #mmda
2022-02-03T01:31:53.000Z,MMDA ALERT: Vehicular accident at Mabini bridge SB involving SUV and car as of 9:21 AM. 1 lane occupied. MMDA on site. #mmda
2022-02-03T01:30:56.000Z,MMDA ALERT: Vehicular accident at Quezon Ave West Ave WB involving SUV and pick-up as of 9:27 AM. 1 lane occupied. MMDA on site. #mmda
2022-02-03T00:41:04.000Z,MMDA ALERT: Vehicular accident at Ortigas ADB EB involving 2 motorcycles as of 8:33 AM. 1 lane occupied. MMDA on site. #mmda
2022-02-03T04:09:29.000Z,MMDA ALERT: Vehicular accident at Katipunan UP Town SB involving Motorcycle and Closed van as of 12:01 PM. 1 lane occupied. MMDA on site. #mmda
2022-02-03T03:53:27.000Z,MMDA ALERT: Vehicular accident at C5 SM Aura SB involving motorcycle as of 11:42 AM. 1 lane occupied. MMDA on site. #mmda
2022-02-03T02:23:22.000Z,MMDA ALERT: Vehicular accident at Quezon Ave Araneta WB involving SUV and car as of 10:18 AM. 1 lane occupied. MMDA on site. #mmda
2022-02-03T01:31:53.000Z,MMDA ALERT: Vehicular accident at Mabini bridge SB involving SUV and car as of 9:21 AM. 1 lane occupied. MMDA on site. #mmda
2022-02-03T01:30:56.000Z,MMDA ALERT: Vehicular accident at Quezon Ave West Ave WB involving SUV and pick-up as of 9:27 AM. 1 lane occupied. MMDA on site. #mmda
2022-02-03T00:41:04.000Z,MMDA ALERT: Vehicular accident at Ortigas ADB EB involving 2 motorcycles as of 8:33 AM. 1 lane occupied. MMDA on site. #mmda
2022-02-02T23:12:25.000Z,MMDA ALERT: Vehicular accident at Elliptical DAR involving Taxi and Bicycle as of 7:06 AM. 1 lane occupied. MMDA on site. #mmda
2022-02-02T23:12:22.000Z,MMDA ALERT: Vehicular accident at EDSA Ayala Tunnel SB involving Taxi and Motorcycle as of 7:00 AM. 1 lane occupied. MMDA on site. #mmda
2022-02-02T15:15:59.000Z,MMDA ALERT: Vehicular accident at Timog Ave 11th Jamboree EB involving Motorcycle as of 11:01pm PM. 1 lane occupied. Assisted by MMDA. #mmda
2022-02-02T09:53:28.000Z,MMDA ALERT: Vehicular accident at C5 B. Serrano Katipunan SB involving MC and car as of 5:35 PM. 1 lane occupied. MMDA on site. #mmda
2022-02-02T09:16:54.000Z,MMDA ALERT: Vehicular accident at C5 Calle industria NB involving PUJ and MC as of 4:53 PM. 1 lane occupied. MMDA on site. #mmda
2022-02-02T09:12:03.000Z,MMDA ALERT: Vehicular accident at EDSA Shaw NB involving AUV and SUV as of 4:58 PM. 1 lane occupied. MMDA on site. #mmda
2022-02-02T07:36:35.000Z,MMDA ALERT: Vehicular accident at C5 Katipunan NB involving 2 Cars as of 3:23 PM. 1 lane occupied. MMDA on site. #mmda
2022-02-02T07:21:58.000Z,"MMDA ALERT: Vehicular accident at EDSA Ayala intersection NB involving closed van, car and SUV as of 3:00 PM. 1 lane occupied. MMDA on site. #mmda"
2022-02-02T04:47:32.000Z,MMDA ALERT: Vehicular accident at P. Florentino cor. Cordillera WB involving Car and Motorcycle as of 12:36 PM. 1 lane occupied. MMDA on site. #mmda
2022-02-02T03:47:30.000Z,MMDA ALERT: Vehicular accident at C5 Ortigas NB involving van and motorcycle as of 11:37 AM. 1 lane occupied. MMDA on site. #mmda
2022-02-02T01:37:44.000Z,MMDA ALERT: Vehicular accident at C5 Bagong Ilog F/O NB involving SUV and motorcycle as of 9:30 AM. 1 lane occupied. MMDA on site. #mmda
2022-02-02T01:13:24.000Z,MMDA ALERT: Vehicular accident at EDSA Ayala tunnel NB involving SUV and car as of 9:08 AM. 1 lane occupied. MMDA on site. #mmda
2022-02-02T01:08:42.000Z,MMDA ALERT: Vehicular accident at Aurora blvd HI Top WB involving jeep and car as of 9:00 AM. 1 lane occupied. MMDA on site. #mmda
2022-02-01T23:40:20.000Z,MMDA ALERT: Vehicular accident at Commonwealth Central WB involving motorcycle and car as of 7:29 AM. 1 lane occupied. MMDA on site. #mmda
2022-02-01T23:30:29.000Z,MMDA ALERT: Vehicular accident at E. Rodriquez Araneta SB involving Motorcycle and Car as of 7:27 AM. 1 lane occupied. MMDA on site. #mmda
2022-02-01T23:18:41.000Z,MMDA ALERT: Vehicular accident at EDSA Guadalupe NB involving Motorcycle and Bicycle as of 7:16 AM. 1 lane occupied. MMDA on site. #mmda
2022-02-01T22:57:11.000Z,MMDA ALERT: Vehicular accident at EDSA Magallanes NB involving Motorcycle and Bus as of 6:46 AM. 1 lane occupied. MMDA on site. #mmda
2022-02-01T12:45:42.000Z,MMDA ALERT: Vehicular accident at EDSA Timog NB involving bike and MC as of 8:42 PM. 1 lane occupied. MMDA on site. #mmda
2022-02-01T07:41:54.000Z,MMDA ALERT: Vehicular accident at Roxas Blvd. Katigbak SB involving truck and closed van as of 3:28 PM. 1ane occupied. MMDA on site. #mmda
2022-02-01T23:18:41.000Z,MMDA ALERT: Vehicular accident at EDSA Guadalupe NB involving Motorcycle and Bicycle as of 7:16 AM. 1 lane occupied. MMDA on site. #mmda
2022-02-01T22:57:11.000Z,MMDA ALERT: Vehicular accident at EDSA Magallanes NB involving Motorcycle and Bus as of 6:46 AM. 1 lane occupied. MMDA on site. #mmda
2022-02-01T12:45:42.000Z,MMDA ALERT: Vehicular accident at EDSA Timog NB involving bike and MC as of 8:42 PM. 1 lane occupied. MMDA on site. #mmda
2022-02-01T07:41:54.000Z,MMDA ALERT: Vehicular accident at Roxas Blvd. Katigbak SB involving truck and closed van as of 3:28 PM. 1ane occupied. MMDA on site. #mmda
2022-02-01T04:10:24.000Z,MMDA ALERT: Vehicular accident at Marcos Highway Dela Paz WB involving Motorcycle and Truck as of 12:06 PM. 1 lane occupied. MMDA on site. #mmda
2022-02-01T03:39:54.000Z,MMDA ALERT: Vehicular accident at Commonwealth Market WB involving motorcycle as of 11:33 AM. 1 lane occupied. MMDA on site. #mmda
2022-02-01T03:34:41.000Z,MMDA ALERT: Vehicular accident at Ortigas Connecticut WB involving motorcycle as of 11:26 AM. 1 lane occupied. MMDA on site. #mmda
2022-02-01T01:00:22.000Z,MMDA ALERT: Vehicular accident at Aurora J.P Rizal intersection involving 2 motorcycles as of 8:45 AM. 1 lane occupied. MMDA on site. #mmda
2022-01-31T23:50:24.000Z,MMDA ALERT: Vehicular accident at Katipunan Miriam SB involving car and bike as of 7:46 AM. 1 lane occupied. MMDA on site. #mmda
2022-01-31T16:38:14.000Z,MMDA ALERT: Vehicular accident at Commonwealth Ever U-Turn EB involving 2 Car's as of 11:55 PM. 1 lane occupied. Assisted by MMDA. #mmda
2022-01-31T13:31:27.000Z,MMDA ALERT: Vehicular accident at EDSA Main Avenue NB involving SUV as of 8:57 PM. 1 lane occupied. MMDA on site. #mmda
2022-01-31T05:32:12.000Z,MMDA ALERT: Vehicular accident at EDSA Connecticut SB involving 2 SUV and Motorcycle as of 1:26 PM. 1 lane occupied. MMDA on site. #mmda
2022-01-31T01:20:26.000Z,MMDA ALERT: Vehicular accident at Aurora Katipunan WB involving 2 Cars as of 9:09 AM. 1 lane occupied. MMDA on site. #mmda
2022-01-31T01:20:19.000Z,MMDA ALERT: Vehicular accident at Katipunan Magsaysay SB involving SUV and Car as of 9:06 AM. 1 lane occupied. MMDA on site. #mmda
2022-01-31T01:02:58.000Z,MMDA ALERT: Vehicular accident at EDSA Quezon Ave. SB involving motorcycle and bicycle as of 8:57 AM. 1 lane occupied. MMDA on site. #mmda
2022-01-30T23:02:07.000Z,MMDA ALERT: Vehicular accident at Ortigas Roosevelt WB involving motorcycle as of 6:43 AM. 1 lane occupied. MMDA on site. #mmda
2022-01-30T22:40:56.000Z,MMDA ALERT: Vehicular accident at EDSA Araneta Bayani SB involving 2 motorcycle as of 6:36 AM. 1 lane occupied. MMDA on site. #mmda
2022-01-30T19:53:33.000Z,MMDA ALERT: Vehicular accident at EDSA Quezon Avenue flyover SB involving car as of 3:25 AM. 1 lane occuipied. MMDA on site. #mmda
2022-01-30T12:21:18.000Z,MMDA ALERT: Vehicular accident at C.P. Garcia Katipunan NB involving 2 MC's as of 8:02 PM. 1 lane occupied. MMDA assisted. #mmda
2022-01-30T09:59:28.000Z,MMDA ALERT: Vehicular accident at EDSA Camp Crame SB involving MC and bicycle as of 5:30 PM. MMDA assisted. #mmda
2022-01-29T23:44:33.000Z,MMDA ALERT: Vehicular accident at EDSA Ortigas split NB involving 2 motorcycles as of 7:39 AM. 1 lane occupied. MMDA on site. #mmda
2022-01-29T11:29:20.000Z,MMDA ALERT: Vehicular accident at Katipunan Nawasa SB involving car and pick-up as of 7:20 PM. 1 lane occupied. MMDA on site. #mmda
2022-01-29T11:04:42.000Z,MMDA ALERT: Vehicular accident at Katipunan Aurora before flyover SB involving 2 motorcycle as of 6:51 PM. 1 lane occupied. MMDA on site. #mmda
2022-01-29T10:19:46.000Z,MMDA ALERT: Vehicular accident at EDSA Nepa Q-Mart SB involving L300 as of 5:57 PM. 1 lane occupied. MMDA on site. #mmda
2022-01-29T09:48:53.000Z,MMDA ALERT: Vehicular accident at Katipunan Ayala Heights NB involving motorcycle and car as of 5:44 PM. 1 lane occupied. MMDA on site. #mmda
2022-01-29T09:40:48.000Z,MMDA ALERT: Vehicular accident at Marcos Highway Ligaya EB involving truck and e-jeep as of 5:36 PM. 1 lane occupied. MMDA on site. #mmda
2022-01-30T19:53:33.000Z,MMDA ALERT: Vehicular accident at EDSA Quezon Avenue flyover SB involving car as of 3:25 AM. 1 lane occuipied. MMDA on site. #mmda
2022-01-30T12:21:18.000Z,MMDA ALERT: Vehicular accident at C.P. Garcia Katipunan NB involving 2 MC's as of 8:02 PM. 1 lane occupied. MMDA assisted. #mmda
2022-01-30T09:59:28.000Z,MMDA ALERT: Vehicular accident at EDSA Camp Crame SB involving MC and bicycle as of 5:30 PM. MMDA assisted. #mmda
2022-01-29T23:44:33.000Z,MMDA ALERT: Vehicular accident at EDSA Ortigas split NB involving 2 motorcycles as of 7:39 AM. 1 lane occupied. MMDA on site. #mmda
2022-01-29T11:29:20.000Z,MMDA ALERT: Vehicular accident at Katipunan Nawasa SB involving car and pick-up as of 7:20 PM. 1 lane occupied. MMDA on site. #mmda
2022-01-29T11:04:42.000Z,MMDA ALERT: Vehicular accident at Katipunan Aurora before flyover SB involving 2 motorcycle as of 6:51 PM. 1 lane occupied. MMDA on site. #mmda
2022-01-29T10:19:46.000Z,MMDA ALERT: Vehicular accident at EDSA Nepa Q-Mart SB involving L300 as of 5:57 PM. 1 lane occupied. MMDA on site. #mmda
2022-01-29T09:48:53.000Z,MMDA ALERT: Vehicular accident at Katipunan Ayala Heights NB involving motorcycle and car as of 5:44 PM. 1 lane occupied. MMDA on site. #mmda
2022-01-29T09:40:48.000Z,MMDA ALERT: Vehicular accident at Marcos Highway Ligaya EB involving truck and e-jeep as of 5:36 PM. 1 lane occupied. MMDA on site. #mmda
2022-01-29T09:40:40.000Z,MMDA ALERT: Vehicular accident at Katipunan B. Serrano EB involving fortuner and wigo as of 5:29 PM. 1 lane occupied. MMDA on site. #mmda
2022-01-29T09:40:28.000Z,MMDA ALERT: Vehicular accident at 25th St. infront Manila Hotel SB involving truck and AUV as of 5:11 PM. 1 lane occupied. MMDA on site. #mmda
2022-01-29T08:18:20.000Z,MMDA ALERT: Vehicular accident at Araneta Ave. cor. E. Rod NB involving pick-up and fortuner as of 4:08 PM. 1 lane occupied. MMDA on site. #mmda
2022-01-29T05:59:00.000Z,MMDA ALERT: Vehicular accident at EDSA Ayala tunnel NB involving car and motorcycle as of 1:23 PM. 1 lane occupied. MMDA on site. #mmda
2022-01-28T20:14:49.000Z,MMDA ALERT: Vehicular accident at Commonwealth Market WB involving truck (loaded of Cement) as of 3:16 AM. 1 lane occupied. Assisted by MMDA. #mmda
2022-01-28T17:47:29.000Z,MMDA ALERT: Vehicular accident at EDSA Timog Intersection NB involving motorcycle and car as of 1:40 AM. 1 lane occupied. MMDA on site. #mmda
2022-01-28T17:01:03.000Z,MMDA ALERT: Vehicular accident at EDSA Evangelista SB involving SUV and motorcycle as of 12:40 AM. 1 lane occupied. MMDA on site. #mmda
2022-01-28T12:15:37.000Z,MMDA ALERT: Vehicular accident at Quezon Ave. Delta EB involving car and truck as of 7:41 PM. 1 lane occupied. MMDA assisted. #mmda
2022-01-28T09:55:14.000Z,MMDA ALERT: Vehicular accident at EDSA Santolan MRT NB involving car and MC as of 5:40 PM. 1 lane occupied. MMDA assisted. #mmda
2022-01-28T08:01:49.000Z,MMDA ALERT: Vehicular accident at C5 Ortigas before F/O SB involving wing van and car as of 3:40 PM. 1 lane occupied. MMDA assisted. #mmda
2022-01-28T07:28:30.000Z,MMDA ALERT: Vehicular accident at C5 Lanuza NB involving 2 AUV's as of 3:16 PM. 1 lane occupied. MMDA assisted. #mmda
2022-01-28T06:39:36.000Z,MMDA ALERT: Vehicular accident at Araneta E. Rodriguez SB involving car and UV Express as of 2:31 PM. 1 lane occupied. MMDA assisted. #mmda
2022-01-28T03:52:46.000Z,MMDA ALERT: Vehicular accident at EDSA Shaw NB involving car and armored van as of 11:37 AM. 1 lane occupied. MMDA on site. #mmda
2022-01-28T02:22:51.000Z,MMDA ALERT: Vehicular accident at Espana Morato SB involving taxi as of 10:00 AM. 1 lane occupied. MMDA on site. #mmda
2022-01-28T02:04:38.000Z,MMDA ALERT: Vehicular accident at Quezon Ave Banawe WB involving car and motorcycle as of 9:42 AM. 1 lane occupied. MMDA on site. #mmda
2022-01-28T00:47:15.000Z,MMDA ALERT: Vehicular accident at C5 Lanuza SB involving SUV and AUV as of 8:39 AM. 1 lane occupied. MMDA on site. #mmda
2022-01-27T23:29:35.000Z,MMDA ALERT: Vehicular accident at E.Rodriguez Araneta intersection involving 2 motorcycles as of 7:20 AM. 1 lane occupied. MMDA on site. #mmda
2022-01-27T23:14:38.000Z,MMDA ALERT: Vehicular accident at EDSA Shaw WB involving van and motorcycle as of 7:03 AM. 1 lane occupied. MMDA on site. #mmda
2022-01-27T16:40:09.000Z,MMDA ALERT: Vehicular accident at C5 Ortigas SB involving dump truck and closed van as of 12:36 AM. 1 lane occupied. MMDA on site. #mmda
2022-01-27T16:07:48.000Z,MMDA ALERT: Vehicular accident at C5 Lanuza NB involving wing van and car as of 11:57 PM. 1 lane occupied. MMDA on site. #mmda
2022-01-27T12:42:52.000Z,MMDA ALERT: Vehicular accident at EDSA Guadalupe NB involving AUV and MC as of 8:21 PM. 1 lane occupied. MMDA assisted. #mmda
2022-01-28T02:04:38.000Z,MMDA ALERT: Vehicular accident at Quezon Ave Banawe WB involving car and motorcycle as of 9:42 AM. 1 lane occupied. MMDA on site. #mmda
2022-01-28T00:47:15.000Z,MMDA ALERT: Vehicular accident at C5 Lanuza SB involving SUV and AUV as of 8:39 AM. 1 lane occupied. MMDA on site. #mmda
2022-01-27T23:29:35.000Z,MMDA ALERT: Vehicular accident at E.Rodriguez Araneta intersection involving 2 motorcycles as of 7:20 AM. 1 lane occupied. MMDA on site. #mmda
2022-01-27T23:14:38.000Z,MMDA ALERT: Vehicular accident at EDSA Shaw WB involving van and motorcycle as of 7:03 AM. 1 lane occupied. MMDA on site. #mmda
2022-01-27T16:40:09.000Z,MMDA ALERT: Vehicular accident at C5 Ortigas SB involving dump truck and closed van as of 12:36 AM. 1 lane occupied. MMDA on site. #mmda
2022-01-27T16:07:48.000Z,MMDA ALERT: Vehicular accident at C5 Lanuza NB involving wing van and car as of 11:57 PM. 1 lane occupied. MMDA on site. #mmda
2022-01-27T12:42:52.000Z,MMDA ALERT: Vehicular accident at EDSA Guadalupe NB involving AUV and MC as of 8:21 PM. 1 lane occupied. MMDA assisted. #mmda
2022-01-27T08:03:31.000Z,MMDA ALERT: Vehicular accident at C5 J. Vargas NB involving bus and wing van as of 3:51 PM. 1 lane occupied. MMDA assisted. #mmda
2022-01-27T07:04:00.000Z,MMDA ALERT: Vehicular accident at C5 Kalayaan NB involving MC and van as of 2:53 PM. 1 lane occupied. MMDA assisted. #mmda
2022-01-27T06:46:03.000Z,MMDA ALERT: Vehicular accident at C5 Lanuza NB involving 2 trucks as of 2:41 PM. 1 lane occupied. MMDA assisted. #mmda
2022-01-27T05:46:41.000Z,MMDA ALERT: Vehicular accident at Quezon Ave Maxima WB involving car and motorcycle as of 1:28 PM. 1 lane occupied. MMDA on site. #mmda
2022-01-27T02:54:00.000Z,MMDA ALERT: Vehicular accident at Aurora blvd J. Ruiz WB involving taxi and pick-up as of 10:48 AM. 1 lane occupied. MMDA on site. #mmda
2022-01-27T02:53:45.000Z,MMDA ALERT: Vehicular accident at Roxas blvd Quirino SB involving 2 Trailer Truck as of 10:34 AM. 1 lane occupied. MMDA on site. #mmda
2022-01-27T02:38:42.000Z,MMDA ALERT: Vehicular accident at Quirino Roxas blvd WB involving van and motorcycle as of 10:25 AM. 1 lane occupied. MMDA on site. #mmda
2022-01-27T01:11:58.000Z,MMDA ALERT: Vehicular accident at Ortigas Club Filipino WB involving car and bicycle as of 9:00 AM. 1 lane occupied. MMDA on site. #mmda
2022-01-27T00:32:43.000Z,MMDA ALERT: Vehicular accident at A.Bonifacio Mauban SB involving 2 motorcycle as of 8:26 AM. 1 lane occupied. MMDA on site. #mmda
2022-01-26T23:31:14.000Z,MMDA ALERT: Vehicular accident at Marcos Highway infront of Ayala Feliz WB involving motorcycle as of 7:26 AM. 1 lane occupied. MMDA on site. #mmda
2022-01-26T23:02:26.000Z,MMDA ALERT: Vehicular accident at EDSA Ayala Intersection involving motorcycle as of 6:19 AM. 1 lane occupied. MMDA on site. #mmda
2022-01-26T21:52:55.000Z,MMDA ALERT: Vehicular accident at C5 after IPI Intersection EB involving motorcycle as of 5:34 AM. 1 lane occupied. MMDA on site. #mmda
2022-01-26T21:45:33.000Z,MMDA ALERT: Vehicular accident at EDSA Q.Mart NB involving bicycle as of 5:31 AM. 1 lane occupied. MMDA on site. #mmda
2022-01-26T21:00:32.000Z,MMDA ALERT: Vehicular accident at East Avenue WB involving motorcycle as of 4:51 AM. 1 lane occupied. MMDA on site. #mmda
2022-01-26T13:44:11.000Z,MMDA ALERT: Vehicular accident at EDSA Buendia SB involving van as of 9:26 PM. 1 lane occupied. MMDA assisted. #mmda
2022-01-26T11:39:08.000Z,MMDA ALERT: Vehicular accident at Commonwealth Sandigan EB involving MC and PUJ as of 7:28 PM. 1 lane occupied. MMDA assisted. #mmda
2022-01-26T10:52:32.000Z,MMDA ALERT: Vehicular accident at Quezon Ave. Agham Road EB involving pick-up and truck as of 6:45 PM. 1 lane occupied. MMDA assisted. #mmda
2022-01-26T10:39:43.000Z,MMDA ALERT: Vehicular accident at Quirino Guazon NB involving SUV and MC as of 6:24 PM. 1 lane occupied. MMDA assisted. #mmda
2022-01-26T09:36:52.000Z,MMDA ALERT: Vehicular accident at EDSA Timog F/O SB involving MC as of 5:15 PM. 1 lane occupied. MMDA assisted. #mmda
2022-01-26T09:20:02.000Z,MMDA ALERT: Vehicular accident at Quezon Ave. Capitol EB involving MC as of 5:13 PM. 1 lane occupied. MMDA assisted. #mmda
2022-01-26T21:00:32.000Z,MMDA ALERT: Vehicular accident at East Avenue WB involving motorcycle as of 4:51 AM. 1 lane occupied. MMDA on site. #mmda
2022-01-26T13:44:11.000Z,MMDA ALERT: Vehicular accident at EDSA Buendia SB involving van as of 9:26 PM. 1 lane occupied. MMDA assisted. #mmda
2022-01-26T11:39:08.000Z,MMDA ALERT: Vehicular accident at Commonwealth Sandigan EB involving MC and PUJ as of 7:28 PM. 1 lane occupied. MMDA assisted. #mmda
2022-01-26T10:52:32.000Z,MMDA ALERT: Vehicular accident at Quezon Ave. Agham Road EB involving pick-up and truck as of 6:45 PM. 1 lane occupied. MMDA assisted. #mmda
2022-01-26T10:39:43.000Z,MMDA ALERT: Vehicular accident at Quirino Guazon NB involving SUV and MC as of 6:24 PM. 1 lane occupied. MMDA assisted. #mmda
2022-01-26T09:36:52.000Z,MMDA ALERT: Vehicular accident at EDSA Timog F/O SB involving MC as of 5:15 PM. 1 lane occupied. MMDA assisted. #mmda
2022-01-26T09:20:02.000Z,MMDA ALERT: Vehicular accident at Quezon Ave. Capitol EB involving MC as of 5:13 PM. 1 lane occupied. MMDA assisted. #mmda
2022-01-26T08:42:20.000Z,MMDA ALERT: Vehicular accident at Quezon Ave. Maxima EB involving car and UV Express as of 4:37 PM. 1 lane occupied. MMDA assisted. #mmda
2022-01-26T07:06:13.000Z,MMDA ALERT: Vehicular accident at C5 Katipunan Ateneo Gate 2.5 SB involving MC and car as of 2:46 PM.1 lane occupied. MMDA assisted. #mmda
2022-01-26T05:17:25.000Z,MMDA ALERT: Vehicular accident at C5 Lanuza NB involving pick-up and motorcycle as of 1:12 PM. 1 lane occupied. MMDA on site. #mmda
2022-01-26T02:04:32.000Z,MMDA ALERT: Vehicular accident at C5 after Lanuza SB involving wing van and car as of 9:54 AM. 1 lane occupied. MMDA on site. #mmda
2022-01-26T01:48:18.000Z,MMDA ALERT: Vehicular accident at Araneta Ave Aurora Ave EB involving car and elf truck as of 9:13 AM. 1 lane occupied. MMDA on site. #mmda
2022-01-25T10:45:52.000Z,MMDA ALERT: Vehicular accident at Katipunan Mirriam NB involving SUV and MC as of 6:31 PM. 1 lane occupied. MMDA assisted. #mmda
2022-01-25T08:36:58.000Z,MMDA ALERT: Vehicular accident at Congressional Ave. Tandang Sora WB involving 2 truck as of 4:21 PM. 1 lane occupied. MMDA assisted. #mmda
2022-01-25T07:24:44.000Z,MMDA ALERT: Vehicular accident at Congressional Mindanao Ave. WB involving car and wing van as of 3:14 PM. 1 lane occupied. MMDA assisted. #mmda
2022-01-25T07:06:31.000Z,MMDA ALERT: Vehicular accident at EDSA Ortigas MRT SB involving MC as of 2:30 PM. 1 lane occupied. MMDA assisted. #mmda
2022-01-25T07:00:08.000Z,MMDA ALERT: Vehicular accident at Elliptical Road Quezon Ave. EB involving MC and car as of 2:28 PM. 1 lane occupied. MMDA assisted. #mmda
2022-01-25T03:46:24.000Z,MMDA ALERT: Vehicular accident at Ortigas Connecticut WB involving pick-up and motorcycle as of 11:28 AM. 1 lane occupied. MMDA on site. #mmda
2022-01-25T03:40:22.000Z,MMDA ALERT: Vehicular accident at EDSA Connecticut WB involving pick-up and motorcycle as of 11:28 AM. 1 lane occupied. MMDA on site. #mmda
2022-01-25T02:31:40.000Z,MMDA ALERT: Vehicular accident at C5 before Ortigas F/O NB involving truck and closed van as of 10:16 AM. 1 lane occupied. MMDA on site. #mmda
2022-01-25T01:09:42.000Z,MMDA ALERT: Vehicular accident at EDSA Farmers tunnel NB involving car and motorcycle as of 9:04 AM. 1 lane occupied. MMDA on site. #mmda
2022-01-24T23:50:09.000Z,MMDA ALERT: Vehicular accident at C5 C.P Garcia Katipunan SB involving taxi and motorcycle as of 7:40 AM. 1 lane occupied. MMDA on site. #mmda
2022-01-24T23:35:27.000Z,MMDA ALERT: Vehicular accident at C5 Greenmeadows NB involving car and motorcycle as of 7:03 AM. 1 lane occupied. MMDA on site. #mmda
2022-01-24T23:12:50.000Z,MMDA ALERT: Vehicular accident at EDSA Muñoz NB involving bus and pedestrian as of 6:40 AM. 1 lane occupied. MMDA on site. #mmda
2022-01-24T17:35:29.000Z,MMDA ALERT: Vehicular accident at EDSA Quezon Avenue Tunnel EB involving truck and motorcycle as of 1:25 AM. 1 lane occupied. MMDA on site. #mmda
2022-01-24T17:34:30.000Z,MMDA ALERT: Vehicular accident at C5 Lanuza NB involving a dump truck and mixer truck as of 12:36 AM. 1 lane occupied. MMDA on site. #mmda
2022-01-24T16:34:13.000Z,MMDA ALERT: Vehicular accident at EDSA Ayala Loading Bay SB involving motorcycle as of 11:31 PM. 1 lane occupied. MMDA on site. #mmda
2022-01-25T02:31:40.000Z,MMDA ALERT: Vehicular accident at C5 before Ortigas F/O NB involving truck and closed van as of 10:16 AM. 1 lane occupied. MMDA on site. #mmda
2022-01-25T01:09:42.000Z,MMDA ALERT: Vehicular accident at EDSA Farmers tunnel NB involving car and motorcycle as of 9:04 AM. 1 lane occupied. MMDA on site. #mmda
2022-01-24T23:50:09.000Z,MMDA ALERT: Vehicular accident at C5 C.P Garcia Katipunan SB involving taxi and motorcycle as of 7:40 AM. 1 lane occupied. MMDA on site. #mmda
2022-01-24T23:35:27.000Z,MMDA ALERT: Vehicular accident at C5 Greenmeadows NB involving car and motorcycle as of 7:03 AM. 1 lane occupied. MMDA on site. #mmda
2022-01-24T23:12:50.000Z,MMDA ALERT: Vehicular accident at EDSA Muñoz NB involving bus and pedestrian as of 6:40 AM. 1 lane occupied. MMDA on site. #mmda
2022-01-24T17:35:29.000Z,MMDA ALERT: Vehicular accident at EDSA Quezon Avenue Tunnel EB involving truck and motorcycle as of 1:25 AM. 1 lane occupied. MMDA on site. #mmda
2022-01-24T17:34:30.000Z,MMDA ALERT: Vehicular accident at C5 Lanuza NB involving a dump truck and mixer truck as of 12:36 AM. 1 lane occupied. MMDA on site. #mmda
2022-01-24T16:34:13.000Z,MMDA ALERT: Vehicular accident at EDSA Ayala Loading Bay SB involving motorcycle as of 11:31 PM. 1 lane occupied. MMDA on site. #mmda
2022-01-24T06:25:20.000Z,MMDA ALERT: Vehicular accident at Sgt. Rivera Montalon EB involving van and truck as of 2:12 PM. 1 lane occupied. MMDA assisted. #mmda
2022-01-24T05:27:57.000Z,MMDA ALERT: Vehicular accident at EDSA Paramount SB involving 2 motorcycles as of 1:16 PM. 1 lane occupied. MMDA on site. #mmda
2022-01-24T05:02:38.000Z,MMDA ALERT: Vehicular accident at Quezon Ave. Delta WB involving car and motorcycle as of 12:49 PM. 1 lane occupied. MMDA on site. #mmda
2022-01-24T03:41:46.000Z,MMDA ALERT: Vehicular accident at EDSA Q.mart NB involving wing van and pedestrian as of 11:07 AM. 1 lane occupied. MMDA on site. #mmda
2022-01-24T01:57:35.000Z,MMDA ALERT: Vehicular accident at C5 Blueridge NB involving AUV and dump truck as of 9:47 AM. 1 lane occupied. MMDA on site. #mmda
2022-01-24T00:48:40.000Z,MMDA ALERT: Vehicular accident at EDSA Taft Rotonda SB involving car motorcycle as of 8:46 AM. 1 lane occupied. MMDA on site. #mmda
2022-01-24T00:43:36.000Z,MMDA ALERT: Vehicular accident at Commonwealth Elliptical involving closed van and motorcycle as of 8:33 AM. 1 lane occupied. MMDA on site. #mmda
2022-01-23T23:48:02.000Z,MMDA ALERT: Vehicular accident at Ortigas Lanuza WB involving SUV and bicycle as of 7:40 AM. 1 lane occupied. MMDA on site. #mmda
2022-01-23T22:53:25.000Z,MMDA ALERT: Vehicular accident at EDSA Megamall NB involving motorcycle and taxi as of 06:10 AM. 1 lane occupied. MMDA on site. #mmda
2022-01-23T21:22:09.000Z,MMDA ALERT: Vehicular accident at C5 Lanuza NB involving Motorcycle and Truck as of 5:14 AM. 1 lane occupied. MMDA on site. #mmda
2022-01-23T09:20:17.000Z,MMDA ALERT: Vehicular accident at EDSA Paramount SB involving MC and car as of 5:02 PM. 1 lane occupied. MMDA on site. #mmda
2022-01-23T07:57:17.000Z,MMDA ALERT: Vehicular accident at Commonwealth Tandang Sora WB involving Car and MC as of 3:50 PM. 1 lane occupied. MMDA on site. #mmda
2022-01-23T07:41:31.000Z,MMDA ALERT: Vehicular accident at C5 Tiendesitas SB involving MC and car as of 3:26 PM. 1 lane occupied. MMDA on site. #mmda
2022-01-23T05:51:00.000Z,MMDA ALERT: Vehicular accident at EDSA Shaw Intersection SB involving Bicycle and SUV as of 1:22 PM. 1 lane occupied. MMDA on site. #mmda
2022-01-23T03:49:08.000Z,MMDA ALERT: Vehicular accident at Roxas Pedro Gil NB involving 2 Motorcycles as of 11:41 AM. 1 lane occupied. MMDA on site. #mmda
2022-01-23T02:36:05.000Z,MMDA ALERT: Vehicular accident at MIA Park & Fly WB involving Van as of 10:29 AM. 1 lane occupied. MMDA on site. #mmda
2022-01-23T01:32:50.000Z,MMDA ALERT: Vehicular accident at EDSA New York SB involving 2 Motorcycle as of 9:20 AM. 1 lane occupied. MMDA on site. #mmda
2022-01-23T01:06:56.000Z,MMDA ALERT: Vehicular accident at Commonwealth Luzon EB involving SUV and Motorcycle as of 9:01 AM. 1 lane occupied. MMDA on site. #mmda
2022-01-22T21:56:19.000Z,MMDA ALERT: Vehicular accident at EDSA Ortigas Split SB involving SUV as of 5:36 AM 1 lane occupied. MMDA on site. #mmda
2022-01-23T03:49:08.000Z,MMDA ALERT: Vehicular accident at Roxas Pedro Gil NB involving 2 Motorcycles as of 11:41 AM. 1 lane occupied. MMDA on site. #mmda
2022-01-23T02:36:05.000Z,MMDA ALERT: Vehicular accident at MIA Park & Fly WB involving Van as of 10:29 AM. 1 lane occupied. MMDA on site. #mmda
2022-01-23T01:32:50.000Z,MMDA ALERT: Vehicular accident at EDSA New York SB involving 2 Motorcycle as of 9:20 AM. 1 lane occupied. MMDA on site. #mmda
2022-01-23T01:06:56.000Z,MMDA ALERT: Vehicular accident at Commonwealth Luzon EB involving SUV and Motorcycle as of 9:01 AM. 1 lane occupied. MMDA on site. #mmda
2022-01-22T21:56:19.000Z,MMDA ALERT: Vehicular accident at EDSA Ortigas Split SB involving SUV as of 5:36 AM 1 lane occupied. MMDA on site. #mmda
2022-01-22T14:48:50.000Z,MMDA ALERT: Vehicular accident at Roxas Blvd. Quirino NB involving AUV and SUV as of 10:34 PM. 1 lane occupied. MMDA on site. #mmda
2022-01-22T10:11:01.000Z,MMDA ALERT: Vehicular accident at C5 Bagong ilog NB involving AUV and Motorcycle as of 5:53 PM. 1lane occupied MMDA on site.#mmda
2022-01-22T08:54:24.000Z,MMDA ALERT: Vehicular accident at EDSA Q. Mart NB involving taxi and SUV as of 4:48 PM 1 lane occupied. MMDA on site.#mmda
2022-01-22T08:12:53.000Z,MMDA ALERT: Vehicular accident at Marcos Highway Burger king EB involving truck and motorcycle as of 3:53 PM 1 lane occupied. MMDA on site.#mmda
2022-01-22T04:57:37.000Z,MMDA ALERT: Vehicular accident at Commonwealth Luzon WB involving car and dump truck as of 12:51 PM. 1 lane occupied. MMDA on site. #mmda
2022-01-22T03:56:58.000Z,MMDA ALERT: Vehicular accident at Congressional Sinagtala WB involving motorcycle and AUV as of 11:53 AM. 1 lane occupied. MMDA on site. #mmda
2022-01-22T01:37:01.000Z,MMDA ALERT: Vehicular accident at Aurora Araneta WB involving motorcycle and van as of 9:32 AM. 1 lane occupied. MMDA on site. #mmda
2022-01-21T22:39:07.000Z,MMDA ALERT: Vehicular accident at Commonwealth Technohub WB involving 2 motorcycle as of 6:33 AM. 1 lane occupied. MMDA on site. #mmda
2022-01-21T19:54:16.000Z,MMDA ALERT: Vehicular accident at C5 Kalayaan SB involving 2-Truck as of 3:23 AM. 2 lane's occupied. MMDA on site. #mmda
2022-01-21T15:53:28.000Z,MMDA ALERT: Vehicular accident at EDSA Ayala Tunnel NB involving Car as of 11:33 PM. 1 lane occupied. MMDA on site. #mmda
2022-01-21T07:33:46.000Z,MMDA ALERT: Vehicular accident at C5 Tiendesitas NB involving truck and car as of 3:26 PM. 1 lane occupied. MMDA on site. #mmda
2022-01-21T06:26:05.000Z,MMDA ALERT: Vehicular accident at EDSA P. Tuazon NB involving 2 Cars as of 2:08 PM. 2 lanes occupied. MMDA on site. #mmda
2022-01-21T05:50:11.000Z,MMDA ALERT: Vehicular accident at Commonwealth Market WB involving motorcycle and L300 as of 1:45 PM. 1 lane occupied. MMDA on site. #mmda
2022-01-21T05:43:00.000Z,MMDA ALERT: Vehicular accident at EDSA Ortigas flyover SB involving Bus as of 1:35 PM. 1 lane occupied. MMDA on site. #mmda
2022-01-21T05:30:33.000Z,MMDA ALERT: Vehicular accident at C5 Lanuza SB involving car and 2 Van as of 1:26 PM. 1 lane occupied. MMDA on site. #mmda
2022-01-21T04:50:27.000Z,MMDA ALERT: Vehicular accident at EDSA P. Tuazon intersection involving Motorcycle as of 12:43 PM. 1 lane occupied. MMDA on site. #mmda
2022-01-21T04:44:20.000Z,MMDA ALERT: Vehicular accident at EDSA Santolan NB involving Motorcycle as of 12:40 PM. 1 lane occupied. MMDA on site. #mmda
2022-01-21T04:28:57.000Z,"MMDA ALERT: Vehicular accident at EDSA Balintawak Market SB involving 2 Motorcycle, Closed van and L300 van as of 12:24 PM. 1 lane occupied. MMDA on site. #mmda"
2022-01-21T04:26:17.000Z,MMDA ALERT: Vehicular accident at Ortigas POEA WB involving Car and Truck as of 12:20 PM. 1 lane occupied. MMDA on site. #mmda
2022-01-21T04:13:24.000Z,MMDA ALERT: Vehicular accident at EDSA Ortigas NB involving Car and Pick-up as of 12:08 PM. 1 lane occupied. MMDA on site. #mmda
2022-01-21T04:13:21.000Z,MMDA ALERT: Vehicular accident at C5 Bagong Ilog SB involving Motorcycle as of 11:56 AM. 1 lane occupied. MMDA on site. #mmda
2022-01-21T03:48:37.000Z,MMDA ALERT: Vehicular accident at EDSA NIA NB involving SUV and motorcycle as of 11:44 AM. 1 lane occupied. MMDA on site. #mmda
2022-01-21T04:50:27.000Z,MMDA ALERT: Vehicular accident at EDSA P. Tuazon intersection involving Motorcycle as of 12:43 PM. 1 lane occupied. MMDA on site. #mmda
2022-01-21T04:44:20.000Z,MMDA ALERT: Vehicular accident at EDSA Santolan NB involving Motorcycle as of 12:40 PM. 1 lane occupied. MMDA on site. #mmda
2022-01-21T04:28:57.000Z,"MMDA ALERT: Vehicular accident at EDSA Balintawak Market SB involving 2 Motorcycle, Closed van and L300 van as of 12:24 PM. 1 lane occupied. MMDA on site. #mmda"
2022-01-21T04:26:17.000Z,MMDA ALERT: Vehicular accident at Ortigas POEA WB involving Car and Truck as of 12:20 PM. 1 lane occupied. MMDA on site. #mmda
2022-01-21T04:13:24.000Z,MMDA ALERT: Vehicular accident at EDSA Ortigas NB involving Car and Pick-up as of 12:08 PM. 1 lane occupied. MMDA on site. #mmda
2022-01-21T04:13:21.000Z,MMDA ALERT: Vehicular accident at C5 Bagong Ilog SB involving Motorcycle as of 11:56 AM. 1 lane occupied. MMDA on site. #mmda
2022-01-21T03:48:37.000Z,MMDA ALERT: Vehicular accident at EDSA NIA NB involving SUV and motorcycle as of 11:44 AM. 1 lane occupied. MMDA on site. #mmda
2022-01-21T02:55:26.000Z,MMDA ALERT: Vehicular accident at EDSA Main Ave. SB involving AUV and car as of 10:40 AM. 1 lane occupied. MMDA on site. #mmda
2022-01-21T01:51:09.000Z,MMDA ALERT: Vehicular accident at C5 Calle Industria SB involving motorcycle and car as of 9:47 AM. 1 lane occupied. MMDA on site. #mmda
2022-01-21T00:28:54.000Z,MMDA ALERT: Vehicular accident at Andrews Ave. Tramo intersection involving 2 motorcycle as of 8:25 AM. 1 lane occupied. MMDA on site. #mmda
2022-01-20T23:47:29.000Z,MMDA ALERT: Vehicular accident at C5 Julia Vargas NB involving 2 closed van as of 7:42 AM. 1 lane occupied. MMDA on site. #mmda
2022-01-20T23:17:22.000Z,MMDA ALERT: Vehicular accident at C5 Ortigas IPI NB involving Motorcycle and bicycle as of 7:15 AM. 1 lane occupied. MMDA on site. #mmda
2022-01-20T23:03:11.000Z,MMDA ALERT: Vehicular accident at Mindanao North Ave. SB involving 2 Motorcycle as of 6:58 AM. 1 lane occupied. MMDA on site. #mmda
2022-01-20T21:47:18.000Z,MMDA ALERT: Vehicular accident at Commonwealth ECM WB involving 2- Motorcycle's as of 5:13 AM. 1 lane occupied. MMDA on site. #mmda
2022-01-20T20:23:22.000Z,MMDA ALERT: Vehicular accident at Roxas Blvd Quirino SB involving Motorcycle and Car as of 4:11 AM. 1 lane occupied. MMDA on site. #mmda
2022-01-20T18:15:42.000Z,MMDA ALERT: Vehicular accident at C5 After Mckinley SB involving Dump Truck as of 1:33 AM. 1 lane occupied. MMDA on site. #mmda
2022-01-20T13:50:47.000Z,MMDA ALERT: Vehicular accident at EDSA Kaingin fronting Landers SB involving 2 motorcycles as of 9:34 PM 1 lane occupied. MMDA on site.#mmda
2022-01-20T07:37:27.000Z,MMDA ALERT: Vehicular accident at 
2022-01-20T05:25:05.000Z,MMDA ALERT: Vehicular accident at EDSA Landmark busway SB involving Motorcycle and bus as of 1:18 PM. 1 lane occupied. MMDA on site. #mmda
2022-01-20T05:04:24.000Z,MMDA ALERT: Vehicular accident at EDSA Ayala Tunnel SB involving Motorcycle and SUV as of 1:00 PM. 1 lane occupied. MMDA on site. #mmda
2022-01-20T01:39:55.000Z,MMDA ALERT: Vehicular accident at Araneta E. Rodriguez WB involving motorcycle and car as of 9:32 AM. 1 lane occupied. MMDA on site. #mmda
2022-01-20T00:10:17.000Z,MMDA ALERT: Vehicular accident at Aurora Araneta SB involving motorcycle as of 8:05 AM. 1 lane occupied. MMDA on site. #mmda
2022-01-20T00:06:57.000Z,MMDA ALERT: Vehicular accident at C5 Lanuza SB involving car and AUV as of 7:46 AM. 1 lane occupied. MMDA on site. #mmda
2022-01-19T23:24:59.000Z,MMDA ALERT: Vehicular accident at C5 Lanuza NB involving 2 motorcycles as of 7:21 AM. 1 lane occupied. MMDA on site. #mmda
2022-01-19T23:07:56.000Z,MMDA ALERT: Vehicular accident at Ortigas WB before EDSA involving 2 SUV as of 6:49 AM. 1 lane occupied. MMDA on site. #mmda
2022-01-20T05:25:05.000Z,MMDA ALERT: Vehicular accident at EDSA Landmark busway SB involving Motorcycle and bus as of 1:18 PM. 1 lane occupied. MMDA on site. #mmda
2022-01-20T05:04:24.000Z,MMDA ALERT: Vehicular accident at EDSA Ayala Tunnel SB involving Motorcycle and SUV as of 1:00 PM. 1 lane occupied. MMDA on site. #mmda
2022-01-20T01:39:55.000Z,MMDA ALERT: Vehicular accident at Araneta E. Rodriguez WB involving motorcycle and car as of 9:32 AM. 1 lane occupied. MMDA on site. #mmda
2022-01-20T00:10:17.000Z,MMDA ALERT: Vehicular accident at Aurora Araneta SB involving motorcycle as of 8:05 AM. 1 lane occupied. MMDA on site. #mmda
2022-01-20T00:06:57.000Z,MMDA ALERT: Vehicular accident at C5 Lanuza SB involving car and AUV as of 7:46 AM. 1 lane occupied. MMDA on site. #mmda
2022-01-19T23:24:59.000Z,MMDA ALERT: Vehicular accident at C5 Lanuza NB involving 2 motorcycles as of 7:21 AM. 1 lane occupied. MMDA on site. #mmda
2022-01-19T23:07:56.000Z,MMDA ALERT: Vehicular accident at Ortigas WB before EDSA involving 2 SUV as of 6:49 AM. 1 lane occupied. MMDA on site. #mmda
2022-01-19T15:08:34.000Z,MMDA ALERT: Vehicular accident at C5 J. Vargas Intersection SB involving car and truck as of 10:39 PM. 1 lane occupied. MMDA on site. #mmda
2022-01-19T05:04:45.000Z,MMDA ALERT: Vehicular accident at Mindanao Congressional NB involving Motorcycle and Van as of 12:59 PM. 1 lane occupied. MMDA on site. #mmda
2022-01-19T04:32:33.000Z,MMDA ALERT: Vehicular accident at Bonifacio Drive SB involving Van and Truck as of 12:15 PM. 1 lane occupied. MMDA on site. #mmda
2022-01-19T03:57:19.000Z,MMDA ALERT: Vehicular accident at Katipunan P. Tuazon SB involving motorcycle as of 11:50 AM. 1 lane occupied. MMDA on site. #mmda
2022-01-19T00:28:43.000Z,MMDA ALERT: Vehicular accident at EDSA Ayala tunnel NB involving 2 motorcycles as of 8:23 AM. 1 lane occupied. MMDA on site. #mmda
2022-01-18T23:57:26.000Z,MMDA ALERT: Vehicular accident at Quirino Plaza Dilao SB involving SUV and closed van as of 7:53 AM. 1 lane occupied. MMDA on site. #mmda
2022-01-18T23:39:09.000Z,MMDA ALERT: Vehicular accident at Mindanao Congressional SB involving car and motorcycle as of 7:34 AM. 1 lane occupied. MMDA on site. #mmda
2022-01-18T23:27:26.000Z,MMDA ALERT: Vehicular accident at Ortigas Wilson WB involving 2 motorcycles as of 7:23 AM. 1 lane occupied. MMDA on site. #mmda
2022-01-18T05:27:48.000Z,MMDA ALERT: Vehicular accident at A. Bonifacio 7TH Ave. SB involving Van and E-Jeep as of 1:21 PM. 1 lane occupied. MMDA on site. #mmda
2022-01-18T05:16:00.000Z,MMDA ALERT: Vehicular accident at Congressional Ave. Circle C-Mall WB involving 2 Van as of 1:00 PM. 1 lane occupied. MMDA on site. #mmda
2022-01-18T00:51:40.000Z,MMDA ALERT: Vehicular accident at EDSA GMA Drive Samar St. SB involving AUV and SUV as of 8:33 AM. 1 lane occupied. MMDA on site. #mmda
2022-01-17T16:27:06.000Z,MMDA ALERT: Vehicular accident at EDSA Ayala Tunnel NB involving Van and Bus as of 11:55 PM. 1 lane occupied. MMDA on site. #mmda
2022-01-17T09:35:50.000Z,MMDA ALERT: Vehicular accident at Roxas Blvd. Buendia F/O SB involving Van and Taxi as of 4:51 PM. 1 lane occupied. MMDA on site. #mmda
2022-01-17T07:25:04.000Z,MMDA ALERT: Vehicular accident at E. Rodriguez Avenue Araneta intersection EB involving 2 MCs as of 3:04 PM. 1 lane occupied. MMDA on site.#mmda
2022-01-17T05:34:17.000Z,MMDA ALERT: Vehicular accident at EDSA Taft NB involving Motorcycle and Pick-up as of 1:30 PM. 1 lane occupied. MMDA on site. #mmda
2022-01-17T04:53:30.000Z,MMDA ALERT: Vehicular accident at EDSA Rockwell Flyover NB involving 2 Motorcycle as of 12:48 PM. 1 lane occupied. MMDA on site. #mmda
2022-01-17T04:13:07.000Z,MMDA ALERT: Vehicular accident at Katipunan Miriam NB involving 2 trucks as of 12:09 PM. 1 lane occupied. MMDA on site. #mmda
2022-01-17T02:06:49.000Z,MMDA ALERT: Vehicular accident at Katipunan CP Garcia SB involving L300 and Motorcycle as of 10:02 AM. 1 lane occupied. MMDA on site. #mmda
2022-01-17T09:35:50.000Z,MMDA ALERT: Vehicular accident at Roxas Blvd. Buendia F/O SB involving Van and Taxi as of 4:51 PM. 1 lane occupied. MMDA on site. #mmda
2022-01-17T07:25:04.000Z,MMDA ALERT: Vehicular accident at E. Rodriguez Avenue Araneta intersection EB involving 2 MCs as of 3:04 PM. 1 lane occupied. MMDA on site.#mmda
2022-01-17T05:34:17.000Z,MMDA ALERT: Vehicular accident at EDSA Taft NB involving Motorcycle and Pick-up as of 1:30 PM. 1 lane occupied. MMDA on site. #mmda
2022-01-17T04:53:30.000Z,MMDA ALERT: Vehicular accident at EDSA Rockwell Flyover NB involving 2 Motorcycle as of 12:48 PM. 1 lane occupied. MMDA on site. #mmda
2022-01-17T04:13:07.000Z,MMDA ALERT: Vehicular accident at Katipunan Miriam NB involving 2 trucks as of 12:09 PM. 1 lane occupied. MMDA on site. #mmda
2022-01-17T02:06:49.000Z,MMDA ALERT: Vehicular accident at Katipunan CP Garcia SB involving L300 and Motorcycle as of 10:02 AM. 1 lane occupied. MMDA on site. #mmda
2022-01-17T00:15:39.000Z,MMDA ALERT: Vehicular accident at Aurora Oroquieta SB involving 2 Motorcycles as of 8:05 AM. 1 lane occupied. MMDA on site. #mmda
2022-01-17T00:06:33.000Z,MMDA ALERT: Vehicular accident at Roxas Kalaw NB involving pick-up and Motorcycle as of 7:50 AM. 1 lane occupied. MMDA on site. #mmda
2022-01-16T23:37:54.000Z,MMDA ALERT: Vehicular accident at C5 Libis tunnel SB involving Motorcycle as of 7:34 AM. 1 lane occupied. MMDA on site. #mmda
2022-01-16T08:55:33.000Z,MMDA ALERT: Vehicular accident at Aurora Blvd. EB before EDSA intersection involving MC as of 4:18 PM. 1 lane occupied. MMDA assisted. #mmda
2022-01-16T05:37:26.000Z,MMDA ALERT: Vehicular accident at C5 Lanuza NB involving Car and Motorcycle as of 1:30 PM. 1 lane occupied. MMDA on site. #mmda
2022-01-16T05:36:43.000Z,MMDA ALERT: Vehicular accident at V. Luna Maliksi St. EB involving Car and 5 Star Bus as of 1:06 PM. 1 lane occupied. MMDA on site. #mmda
2022-01-16T00:01:46.000Z,MMDA ALERT: Vehicular accident at Bonny Serrano Katipunan EB involving SUV and Motorcycle as of 7:35 AM. 1 lane occupied. MMDA on site. #mmda
2022-01-15T21:39:50.000Z,MMDA ALERT: Vehicular accident at E. Rodriguez before Aurora SB involving a PUJ and UV Express as of 4:42 AM. 1 lane occupied. MMDA assisted. #mmda
2022-01-15T09:34:56.000Z,"MMDA ALERT: Vehicular accident at C5, Luzon after Flyover SB involving closed van and AUV as of 5:30PM 1 lane occupied. #mmda"
2022-01-15T08:35:55.000Z,MMDA ALERT: Vehicular accident at West Zamora Quirino NB involving AUV and MC as of 4:27PM 1 lane occupied. #mmda
2022-01-15T08:02:33.000Z,"MMDA ALERT: Vehicular accident at Commonwealth Tandang Sora EB, involving PUJ and MC as of 3:40PM 1 lane occupied. #mmda"
2022-01-15T02:29:47.000Z,MMDA ALERT: Vehicular accident at Roxas blvd Infront of Manila hotel SB involving truck and car as of 10:23 AM. 1 lane occupied. MMDA on site. #mmda
2022-01-14T17:11:48.000Z,MMDA ALERT: Vehicular accident at Sandigan Tunnel WB involving car as of 12:47 AM. 1 lane occupied. MMDA on site. #mmda
2022-01-14T16:31:57.000Z,MMDA ALERT: Vehicular accident at Commonwealth St. Peter Church involving truck and motorcycle as of 12:10 AM. 1 lane occupied. MMDA on site. #mmda
2022-01-14T10:53:48.000Z,MMDA ALERT: Vehicular accident at C5 Katipunan Ateneo NB involving MC and elf truck as of 6:00 PM. 1 lane occupied. #mmda
2022-01-14T03:40:58.000Z,MMDA ALERT: Vehicular accident at EDSA Guadalupe SB involving elf truck and van as of 11:34 AM. 1 lane occupied. MMDA on site. #mmda
2022-01-14T00:41:06.000Z,MMDA ALERT: Vehicular accident at Mindanao u-turn slot before Smart Comec involving SUV and motorcycle as of 8:08 AM. 1 lane occupied. MMDA on site. #mmda
2022-01-13T23:11:19.000Z,MMDA ALERT: Vehicular accident at Commonwealth Sandigan EB involving truck as of 6:23 AM. 1 lane occupied. MMDA on site. #mmda
2022-01-13T05:56:17.000Z,MMDA ALERT: Vehicular accident at Quezon Ave Araneta SB involving closed van and motorcycle as of 1:44 PM. 1 lane occupied. MMDA on site. #mmda
2022-01-13T05:40:51.000Z,MMDA ALERT: Vehicular accident at Commonwealth COA WB involving 2 motorcycle as of 1:20 PM. 1 lane occupied. MMDA on site. #mmda
2022-01-13T05:03:21.000Z,MMDA ALERT: Vehicular accident at EDSA Ortigas MRT SB involving car and AUV as of 12:59 PM. 1 lane occupied. MMDA on site. #mmda
2022-01-13T04:26:30.000Z,MMDA ALERT: Vehicular accident at Araneta Aurora blvd SB involving motorcycle as of 11:58 AM. 1 lane occupied. MMDA on site. #mmda
2022-01-14T10:53:48.000Z,MMDA ALERT: Vehicular accident at C5 Katipunan Ateneo NB involving MC and elf truck as of 6:00 PM. 1 lane occupied. #mmda
2022-01-14T03:40:58.000Z,MMDA ALERT: Vehicular accident at EDSA Guadalupe SB involving elf truck and van as of 11:34 AM. 1 lane occupied. MMDA on site. #mmda
2022-01-14T00:41:06.000Z,MMDA ALERT: Vehicular accident at Mindanao u-turn slot before Smart Comec involving SUV and motorcycle as of 8:08 AM. 1 lane occupied. MMDA on site. #mmda
2022-01-13T23:11:19.000Z,MMDA ALERT: Vehicular accident at Commonwealth Sandigan EB involving truck as of 6:23 AM. 1 lane occupied. MMDA on site. #mmda
2022-01-13T05:56:17.000Z,MMDA ALERT: Vehicular accident at Quezon Ave Araneta SB involving closed van and motorcycle as of 1:44 PM. 1 lane occupied. MMDA on site. #mmda
2022-01-13T05:40:51.000Z,MMDA ALERT: Vehicular accident at Commonwealth COA WB involving 2 motorcycle as of 1:20 PM. 1 lane occupied. MMDA on site. #mmda
2022-01-13T05:03:21.000Z,MMDA ALERT: Vehicular accident at EDSA Ortigas MRT SB involving car and AUV as of 12:59 PM. 1 lane occupied. MMDA on site. #mmda
2022-01-13T04:26:30.000Z,MMDA ALERT: Vehicular accident at Araneta Aurora blvd SB involving motorcycle as of 11:58 AM. 1 lane occupied. MMDA on site. #mmda
2022-01-13T04:15:40.000Z,MMDA ALERT: Vehicular accident at Congressional WB involving motorcycle as of 11:50 AM. 1 lane occupied. MMDA on site. #mmda
2022-01-13T03:34:51.000Z,MMDA ALERT: Vehicular accident at C5 before F/O Aurora Katipunan NB involving pick-up and AUV as of 11:09 AM. 1 lane occupied. MMDA on site. #mmda
2022-01-13T02:50:33.000Z,MMDA ALERT: Vehicular accident at C5 BGC SB involving scooter and motorcycle as of 10:30 AM. 1 lane occupied. MMDA on site. #mmda
2022-01-12T23:16:54.000Z,MMDA ALERT: Vehicular accident at Araneta Ave. before Aurora Blvd. SB involving AUV and bicycle as of 7:07 AM. 1 lanes occupied. MMDA on site. #mmda
2022-01-12T23:00:06.000Z,MMDA ALERT: Vehicular accident at EDSA after Ayala tunnel SB involving taxi as of 6:30 AM. 2 lanes occupied. MMDA on site. #mmda
2022-01-12T21:25:23.000Z,MMDA ALERT: Vehicular accident at C5 Bagong Ilog Flyover NB involving dump truck as of 4:54 AM. 1 lane occupied. MMDA on site. #mmda
2022-01-12T17:00:09.000Z,MMDA ALERT: Vehicular accident at EDSA A. De Jesus UTS involving 2 motorcycles as of 12:10 AM. 1 lane occupied. MMDA on site. #mmda
2022-01-12T06:32:40.000Z,MMDA ALERT: Vehicular accident at East Ave. infront of LTO WB involving taxi and MC as of 1:46 PM. 1 lane occupied. MMDA assisted. #mmda
2022-01-12T03:38:14.000Z,MMDA ALERT: Vehicular accident at Katipunan Up Town Center NB involving motorcycle and SUVas of 11:33 AM. 1 lane occupied. MMDA on site. #mmda
2022-01-12T02:50:39.000Z,MMDA ALERT: Vehicular accident at EDSA Buendia NB involving bus and van as of 10:34 AM. 1 lane occupied. MMDA on site. #mmda
2022-01-12T02:46:43.000Z,MMDA ALERT: Vehicular accident at C5 Eastwood SB involving motorcycle and car as of 10:30 AM. 1 lane occupied. MMDA on site. #mmda
2022-01-12T02:21:44.000Z,MMDA ALERT: Vehicular accident at Agham road North Ave SB involving car and van as of 9:47 AM. 1 lane occupied. MMDA on site. #mmda
2022-01-12T02:20:19.000Z,MMDA ALERT: Vehicular accident at Commonwealth SM Fairview Quirino involving motorcycle and bicycle as of 9:43 AM. 1 lane occupied. MMDA on site. #mmda
2022-01-12T02:15:22.000Z,MMDA ALERT: Vehicular accident at Ma. Orosa P. Burgos EB involving motorcycle and SUV as of 9:59 AM. 1 lane occupied. MMDA on site. #mmda
2022-01-12T01:06:53.000Z,MMDA ALERT: Vehicular accident at Commonwealth Camaro WB involving motorcycle and motorcycle as of 9:04 AM. 1 lane occupied. MMDA on site. #mmda
2022-01-12T00:55:26.000Z,MMDA ALERT: Vehicular accident at EDSA Shaw tunnel NB involving SUV as of 8:41 AM. 1 lane occupied. MMDA on site. #mmda
2022-01-12T00:28:58.000Z,MMDA ALERT: Vehicular accident at Commonwealth Tandang Sora WB involving motorcycle as of 8:02 AM. 1 lane occupied. MMDA on site. #mmda
2022-01-12T02:46:43.000Z,MMDA ALERT: Vehicular accident at C5 Eastwood SB involving motorcycle and car as of 10:30 AM. 1 lane occupied. MMDA on site. #mmda
2022-01-12T02:21:44.000Z,MMDA ALERT: Vehicular accident at Agham road North Ave SB involving car and van as of 9:47 AM. 1 lane occupied. MMDA on site. #mmda
2022-01-12T02:20:19.000Z,MMDA ALERT: Vehicular accident at Commonwealth SM Fairview Quirino involving motorcycle and bicycle as of 9:43 AM. 1 lane occupied. MMDA on site. #mmda
2022-01-12T02:15:22.000Z,MMDA ALERT: Vehicular accident at Ma. Orosa P. Burgos EB involving motorcycle and SUV as of 9:59 AM. 1 lane occupied. MMDA on site. #mmda
2022-01-12T01:06:53.000Z,MMDA ALERT: Vehicular accident at Commonwealth Camaro WB involving motorcycle and motorcycle as of 9:04 AM. 1 lane occupied. MMDA on site. #mmda
2022-01-12T00:55:26.000Z,MMDA ALERT: Vehicular accident at EDSA Shaw tunnel NB involving SUV as of 8:41 AM. 1 lane occupied. MMDA on site. #mmda
2022-01-12T00:28:58.000Z,MMDA ALERT: Vehicular accident at Commonwealth Tandang Sora WB involving motorcycle as of 8:02 AM. 1 lane occupied. MMDA on site. #mmda
2022-01-11T23:25:43.000Z,MMDA ALERT: Vehicular accident at Araneta Aurora SB involving motorcycle as of 6:54 AM. 1 lane occupied. MMDA on site. #mmda
2022-01-11T19:20:07.000Z,MMDA ALERT: Vehicular accident at EDSA Guadix NB involving car as of 3:06 AM. 1 lane occupied. MMDA on site. #mmda
2022-01-11T19:19:07.000Z,MMDA ALERT: Vehicular accident at C3 A. Mabini Intersection involving motorcycle as of 3:02 AM. 1 lane occupied. MMDA on site. #mmda
2022-01-11T15:37:38.000Z,MMDA ALERT: Vehicular accident at C5 Lanuza SB involving 2 motorcycles as of 11:24 PM. 1 lane occupied. MMDA on site. #mmda
2022-01-11T10:56:00.000Z,MMDA ALERT: Vehicular accident at EDSA Ortigas split NB involving UV express and MC as of 5:43 PM. 1 lane occupied. MMDA assisted. #mmda
2022-01-11T09:41:49.000Z,MMDA ALERT: Vehicular accident at Commonwealth Litex EB involving van and MC as of 5:31 PM. 1 lane occupied. MMDA assisted. #mmda
2022-01-11T08:21:33.000Z,MMDA ALERT: Vehicular accident at Commonwealth Old Balara Home Depot EB involving bus and MC as of 4:07 PM. 1 lane occupied. MMDA assisted. #mmda
2022-01-11T08:06:10.000Z,MMDA ALERT: Vehicular accident at C5 Katipunan Ateneo NB involving van and car as of 3:33 PM. 1 lane occupied. MMDA assisted. #mmda
2022-01-11T08:05:30.000Z,MMDA ALERT: Vehicular accident at EDSA Taft Ave. NB involving bus and taxi as of 3:36 PM. 1 lane occupied. MMDA assisted. #mmda
2022-01-11T08:04:58.000Z,MMDA ALERT: Vehicular accident at EDSA Estrella SB involving car and MC as of 3:30 PM. 1 lane occupied. MMDA assisted. #mmda
2022-01-11T05:12:57.000Z,MMDA ALERT: Vehicular accident at Congressional Mindanao WB involving car and tricycle as of 12:49 PM. 1 lane occupied. MMDA on site. #mmda
2022-01-11T03:11:32.000Z,MMDA ALERT: Vehicular accident at Commonwealth Peria EB involving 2 motorcycle as of 10:56 AM. 1 lane occupied. MMDA on site. #mmda
2022-01-11T02:48:00.000Z,MMDA ALERT: Vehicular accident at E. Rodriguez Araneta NB involving van and pick-up as of 10:33 AM. 1 lane occupied. MMDA on site. #mmda
2022-01-11T02:42:17.000Z,MMDA ALERT: Vehicular accident at E.Rodriguez Araneta NB involving van and pick-up as of 10:33 AM. 1 lane occupied. MMDA on site. #mmda
2022-01-11T02:09:13.000Z,MMDA ALERT: Vehicular accident at C5 Blueridge NB involving 2 Van as of 10:05 AM. 1 lane occupied. MMDA on site. #mmda
2022-01-10T16:49:11.000Z,MMDA ALERT: Vehicular accident at EDSA Taft NB involving motorcycle and bicycle as of 12:19 AM. 1 lane occupied. MMDA on site. #mmda
2022-01-10T16:23:54.000Z,"MMDA ALERT: Vehicular accident at Commonwealth, in front of CHR EB involving taxi and closed van as of 12:07 AM. 1 lane occupied. MMDA on site. #mmda"
2022-01-10T16:22:52.000Z,MMDA ALERT: Vehicular accident at EDSA Ortigas Flyover NB involving motorcycle as of 11:28 PM. 1 lane occupied. MMDA on site. #mmda
2022-01-10T02:05:59.000Z,MMDA ALERT: Vehicular accident at A.Bonifacio C3 EB involving 2 motorcycle as of 9:56 AM. 1 lane occupied. MMDA on site. #mmda
2022-01-10T01:46:58.000Z,MMDA ALERT: Vehicular accident at EDSA Ayala tunnel NB involving AUV and van as of 9:35 AM. 1 lane occupied. MMDA on site. #mmda
2022-01-10T16:23:54.000Z,"MMDA ALERT: Vehicular accident at Commonwealth, in front of CHR EB involving taxi and closed van as of 12:07 AM. 1 lane occupied. MMDA on site. #mmda"
2022-01-10T16:22:52.000Z,MMDA ALERT: Vehicular accident at EDSA Ortigas Flyover NB involving motorcycle as of 11:28 PM. 1 lane occupied. MMDA on site. #mmda
2022-01-10T02:05:59.000Z,MMDA ALERT: Vehicular accident at A.Bonifacio C3 EB involving 2 motorcycle as of 9:56 AM. 1 lane occupied. MMDA on site. #mmda
2022-01-10T01:46:58.000Z,MMDA ALERT: Vehicular accident at EDSA Ayala tunnel NB involving AUV and van as of 9:35 AM. 1 lane occupied. MMDA on site. #mmda
2022-01-10T01:12:26.000Z,MMDA ALERT: Vehicular accident at Elliptical East ave. involving 2 AUV as of 8:48 AM. 1 lane occupied. MMDA on site. #mmda
2022-01-10T00:36:48.000Z,MMDA ALERT: Vehicular accident at EDSA Buendia SB involving car and van as of 8:26 AM. 1 lane occupied. MMDA on site. #mmda
2022-01-09T23:44:35.000Z,MMDA ALERT: Vehicular accident at EDSA Main ave SB involving SUV and pick up as of 7:35 AM. 1 lane occupied. MMDA on site. #mmda
2022-01-09T05:28:20.000Z,MMDA ALERT: Vehicular accident at Marcos Highway Burger King WB involving Motorcycle and SUV as of 12:52 PM. 1 lane occupied. MMDA on site. #mmda
2022-01-09T04:05:23.000Z,MMDA ALERT: Vehicular accident at Elliptical North Ave. involving van andmotorcycle as of 11:42 AM. 1 lane occupied. MMDA on site. #mmda
2022-01-09T00:04:04.000Z,MMDA ALERT: Vehicular accident at Ayala P. Casal WB involving motorcycle and Taxi as of 7:36 AM. 1 lane occupied. MMDA on site. #mmda
2022-01-08T20:43:05.000Z,MMDA ALERT: Vehicular accident at Marcos Highway Burger King U-turn EB involving Car as of 3:57 AM. 1 lane occupied. MMDA on site. #mmda
2022-01-08T05:46:06.000Z,MMDA ALERT: Vehicular accident at C5 Blueridge SB involving 2 motorcycle as of 1:40 PM. 1 lane occupied. MMDA on site. #mmda
2022-01-08T04:58:31.000Z,"MMDA ALERT: Vehicular accident at Quezon Ave. Sct, Magbanua SB involving 2 cars as of 12:53 PM. 1 lane occupied. MMDA on site. #mmda"
2022-01-08T01:40:40.000Z,"MMDA ALERT: Vehicular accident at Quezon Ave. Araneta WB involving Van, AUV and motorcycle as of 9:33 AM. 1 lane occupied. MMDA on site. #mmda"
2022-01-07T23:51:04.000Z,MMDA ALERT: Vehicular accident at C5 Julia Vargas NB involving truck and motorcycle as of 7:45 AM. 1 lane occupied. MMDA on site. #mmda
2022-01-07T05:31:44.000Z,MMDA ALERT: Vehicular accident at Quezon Ave. BIR road SB involving car and motorcycle as of 1:22 PM. 1 lane occupied. MMDA on site. #mmda
2022-01-07T04:58:04.000Z,MMDA ALERT: Vehicular accident at EDSA Park Ave. NB SUV and Motorcycle as of 12:53 PM. 1 lane occupied. MMDA on site. #mmda
2022-01-07T03:22:45.000Z,MMDA ALERT: Vehicular accident at C3 A. Bonifacio EB involving multicab and delivery van as of 11:18 AM. 1 lane occupied. MMDA on site. #mmda
2022-01-07T02:47:35.000Z,MMDA ALERT: Vehicular accident at Agham Phil. Science SB involving motorcycle and AUV as of 10:44 AM. 1 lane occupied. MMDA on site. #mmda
2022-01-07T02:36:39.000Z,MMDA ALERT: Vehicular accident at Roxas P. Ocampo NB involving motorcycle and AUV as of 10:30 AM. 1 lane occupied. MMDA on site. #mmda
2022-01-07T02:34:36.000Z,MMDA ALERT: Vehicular accident at Quezon Ave. Araneta NB involving motorcycle and bicycle as of 10:22 AM. 1 lane occupied. MMDA on site. #mmda
2022-01-07T02:02:53.000Z,MMDA ALERT: Vehicular accident at Congressional Jupiter WB involving motorcycle and closed van as of 9:52 AM. 1 lane occupied. MMDA on site. #mmda
2022-01-07T01:12:54.000Z,MMDA ALERT: Vehicular accident at East Ave. Heart center WB involving motorcycle and bus as of 9:01 AM. 1 lane occupied. MMDA on site. #mmda
2022-01-07T01:12:38.000Z,MMDA ALERT: Vehicular accident at C5 McKinley NB involving 2 motorcycles and Elf truck as of 9:01 AM. 1 lane occupied. MMDA on site. #mmda
2022-01-07T02:02:53.000Z,MMDA ALERT: Vehicular accident at Congressional Jupiter WB involving motorcycle and closed van as of 9:52 AM. 1 lane occupied. MMDA on site. #mmda
2022-01-07T01:12:54.000Z,MMDA ALERT: Vehicular accident at East Ave. Heart center WB involving motorcycle and bus as of 9:01 AM. 1 lane occupied. MMDA on site. #mmda
2022-01-07T01:12:38.000Z,MMDA ALERT: Vehicular accident at C5 McKinley NB involving 2 motorcycles and Elf truck as of 9:01 AM. 1 lane occupied. MMDA on site. #mmda
2022-01-07T00:51:49.000Z,MMDA ALERT: Vehicular accident at Commonwealth Sandigan EB involving motorcycle and car as of 8:48 AM. 1 lane occupied. MMDA on site. #mmda
2022-01-06T23:43:08.000Z,MMDA ALERT: Vehicular accident at Mindanao Congressional SB involving motorcycle and SUV as of 7:36 AM. 1 lane occupied. MMDA on site. #mmda
2022-01-06T23:42:39.000Z,MMDA ALERT: Vehicular accident at Bonifacio drive 26th St. SB involving 2 motorcycles as of 7:30 AM. 1 lane occupied. MMDA on site. #mmda
2022-01-06T04:53:29.000Z,MMDA ALERT: Vehicular accident at Congressional Ave. Jupiter St. WB involving 2 Motorcycle as of 12:28 PM. 1 lane occupied. MMDA on site. #mmda
2022-01-06T03:31:03.000Z,MMDA ALERT: Vehicular accident at EDSA Ortigas MRT SB involving taxi and bicycle as of 11:25 AM. 1 lane occupied. MMDA on site. #mmda
2022-01-06T02:27:12.000Z,MMDA ALERT: Vehicular accident at Quezon Ave. Araneta SB involving SUV and van as of 10:22 AM. 1 lane occupied. MMDA on site. #mmda
2022-01-06T02:19:27.000Z,MMDA ALERT: Vehicular accident at C5 Julia Vargas SB involving 2 closed van as of 10:14 AM. 1 lane occupied. MMDA on site. #mmda
2022-01-06T01:48:54.000Z,MMDA ALERT: Vehicular accident at C5 Greenmeadows SB involving motorcycle and 2 bicycle as of 9:43 AM. 1 lane occupied. MMDA on site. #mmda
2022-01-06T01:41:27.000Z,MMDA ALERT: Vehicular accident at EDSA Boni MRT SB involving taxi and bicycle as of 9:36 AM. 1 lane occupied. MMDA on site. #mmda
2022-01-05T23:21:23.000Z,MMDA ALERT: Vehicular accident at Aurora Katipunan NB involving car and L300 as of 7:16 AM. 1 lane occupied. MMDA on site. #mmda
2022-01-05T19:31:19.000Z,MMDA ALERT: Vehicular accident at EDSA Shaw SB Tunnel involving SUV Hitting Barrier as of 3:00 AM. 1 lane occupied. MMDA on site. #mmda
2022-01-05T05:18:15.000Z,MMDA ALERT: Vehicular accident at Mel Lopez blvd. Intramuros golf course NB involving truck and tricycle as of 12:50 PM. 1 lane occupied. MMDA on site. #mmda
2022-01-05T04:45:55.000Z,MMDA ALERT: Vehicular accident at EDSA Timog flyover NB involving motorcycle and AUV as of 12:22 PM. 1 lane occupied. MMDA on site. #mmda
2022-01-05T04:28:40.000Z,MMDA ALERT: Vehicular accident at C5 Lanuza SB involving motorcycle and Pick-up as of 12:21 PM. 1 lane occupied. MMDA on site. #mmda
2022-01-05T04:15:19.000Z,MMDA ALERT: Vehicular accident at Marcos highway Bali Oasis WB involving 2 motorcycles as of 12:09 PM. 1 lane occupied. MMDA on site. #mmda
2022-01-05T00:34:00.000Z,MMDA ALERT: Vehicular accident at Mindanao Tandang Sora NB involving AUV and van as of 8:28 AM. 1 lane occupied. MMDA on site. #mmda
2022-01-05T00:23:09.000Z,MMDA ALERT: Vehicular accident at C5 Libis tunnel SB involving motorcycle and car as of 8:09 AM. 1 lane occupied. MMDA on site. #mmda
2022-01-04T23:19:32.000Z,MMDA ALERT: Vehicular accident at Marcos Highway Marcos bridge WB involving motorcycle as of 7:14 AM. 1 lane occupied. MMDA on site. #mmda
2022-01-04T23:00:10.000Z,MMDA ALERT: Vehicular accident at C5 Kalayaan SB involving car and motorcycle as of 6:55 AM. 1 lane occupied. MMDA on site. #mmda
2022-01-04T21:02:38.000Z,MMDA ALERT: Vehicular accident at Quezon Avenue Tunnel EB before Agham Road involving Tanker and Car as of 4:16 PM. 2 lane's occupied. MMDA on site. #mmda
2022-01-04T13:39:00.000Z,MMDA ALERT: Vehicular accident at EDSA Shaw tunnel NB involving 2 MCs as of 9:31 PM. 1 lane occupied. MMDA on site. #mmda
